fh,TempOut,hora
2017-04-17,23.98,12:00:00
2017-04-17,23.97,12:30:00
2017-04-17,24.30,13:00:00
2017-04-17,24.27,13:30:00
2017-04-17,24.37,14:00:00
2017-04-17,24.35,14:30:00
2017-04-17,24.22,15:00:00
2017-04-17,24.22,15:30:00
2017-04-17,23.90,16:00:00
2017-04-17,23.92,16:30:00
2017-04-17,23.40,17:00:00
2017-04-17,23.43,17:30:00
2017-04-17,22.73,18:00:00
2017-04-17,22.74,18:30:00
2017-04-17,21.90,19:00:00
2017-04-17,21.88,19:30:00
2017-04-17,20.98,20:00:00
2017-04-17,20.96,20:30:00
2017-04-17,20.06,21:00:00
2017-04-17,20.06,21:30:00
2017-04-17,19.24,22:00:00
2017-04-17,19.26,22:30:00
2017-04-17,18.58,23:00:00
2017-04-17,18.61,23:30:00
2017-04-18,18.01,00:00:00
2017-04-18,18.02,00:30:00
2017-04-18,17.67,01:00:00
2017-04-18,17.66,01:30:00
2017-04-18,17.52,02:00:00
2017-04-18,17.49,02:30:00
2017-04-18,17.59,03:00:00
2017-04-18,17.58,03:30:00
2017-04-18,17.92,04:00:00
2017-04-18,17.93,04:30:00
2017-04-18,18.49,05:00:00
2017-04-18,18.52,05:30:00
2017-04-18,19.24,06:00:00
2017-04-18,19.26,06:30:00
2017-04-18,20.08,07:00:00
2017-04-18,20.07,07:30:00
2017-04-18,20.93,08:00:00
2017-04-18,20.91,08:30:00
2017-04-18,21.76,09:00:00
2017-04-18,21.75,09:30:00
2017-04-18,22.56,10:00:00
2017-04-18,22.57,10:30:00
2017-04-18,23.29,11:00:00
2017-04-18,23.31,11:30:00
2017-04-18,23.88,12:00:00
2017-04-18,23.90,12:30:00
2017-04-18,24.25,13:00:00
2017-04-18,24.24,13:30:00
2017-04-18,24.34,14:00:00
2017-04-18,24.32,14:30:00
2017-04-18,24.18,15:00:00
2017-04-18,24.16,15:30:00
2017-04-18,23.81,16:00:00
2017-04-18,23.81,16:30:00
2017-04-18,23.28,17:00:00
2017-04-18,23.30,17:30:00
2017-04-18,22.62,18:00:00
2017-04-18,22.64,18:30:00
2017-04-18,21.84,19:00:00
2017-04-18,21.84,19:30:00
2017-04-18,20.95,20:00:00
2017-04-18,20.93,20:30:00
2017-04-18,20.03,21:00:00
2017-04-18,20.01,21:30:00
2017-04-18,19.17,22:00:00
2017-04-18,19.16,22:30:00
2017-04-18,18.46,23:00:00
2017-04-18,18.48,23:30:00
2017-04-19,17.88,00:00:00
2017-04-19,17.90,00:30:00
2017-04-19,17.58,01:00:00
2017-04-19,17.59,01:30:00
2017-04-19,17.48,02:00:00
2017-04-19,17.46,02:30:00
2017-04-19,17.56,03:00:00
2017-04-19,17.53,03:30:00
2017-04-19,17.85,04:00:00
2017-04-19,17.84,04:30:00
2017-04-19,18.38,05:00:00
2017-04-19,18.38,05:30:00
2017-04-19,19.11,06:00:00
2017-04-19,19.13,06:30:00
2017-04-19,19.98,07:00:00
2017-04-19,19.99,07:30:00
2017-04-19,20.88,08:00:00
2017-04-19,20.87,08:30:00
2017-04-19,21.73,09:00:00
2017-04-19,21.71,09:30:00
2017-04-19,22.51,10:00:00
2017-04-19,22.49,10:30:00
2017-04-19,23.18,11:00:00
2017-04-19,23.19,11:30:00
2017-04-19,23.74,12:00:00
2017-04-19,23.76,12:30:00
2017-04-19,24.13,13:00:00
2017-04-19,24.15,13:30:00
2017-04-19,24.28,14:00:00
2017-04-19,24.28,14:30:00
2017-04-19,24.15,15:00:00
2017-04-19,24.13,15:30:00
2017-04-19,23.76,16:00:00
2017-04-19,23.74,16:30:00
2017-04-19,23.19,17:00:00
2017-04-19,23.18,17:30:00
2017-04-19,22.49,18:00:00
2017-04-19,22.51,18:30:00
2017-04-19,21.71,19:00:00
2017-04-19,21.73,19:30:00
2017-04-19,20.87,20:00:00
2017-04-19,20.88,20:30:00
2017-04-19,19.99,21:00:00
2017-04-19,19.98,21:30:00
2017-04-19,19.13,22:00:00
2017-04-19,19.11,22:30:00
2017-04-19,18.39,23:00:00
2017-04-19,18.38,23:30:00
2017-04-20,17.75,00:00:00
2017-04-20,17.76,00:30:00
2017-04-20,17.44,01:00:00
2017-04-20,17.47,01:30:00
2017-04-20,17.37,02:00:00
2017-04-20,17.39,02:30:00
2017-04-20,17.50,03:00:00
2017-04-20,17.49,03:30:00
2017-04-20,17.81,04:00:00
2017-04-20,17.79,04:30:00
2017-04-20,18.31,05:00:00
2017-04-20,18.29,05:30:00
2017-04-20,18.99,06:00:00
2017-04-20,19.00,06:30:00
2017-04-20,19.83,07:00:00
2017-04-20,19.86,07:30:00
2017-04-20,20.76,08:00:00
2017-04-20,20.78,08:30:00
2017-04-20,21.67,09:00:00
2017-04-20,21.67,09:30:00
2017-04-20,22.47,10:00:00
2017-04-20,22.45,10:30:00
2017-04-20,23.13,11:00:00
2017-04-20,23.11,11:30:00
2017-04-20,23.64,12:00:00
2017-04-20,23.64,12:30:00
2017-04-20,23.99,13:00:00
2017-04-20,24.01,13:30:00
2017-04-20,24.15,14:00:00
2017-04-20,24.17,14:30:00
2017-04-20,24.07,15:00:00
2017-04-20,24.07,15:30:00
2017-04-20,23.73,16:00:00
2017-04-20,23.71,16:30:00
2017-04-20,23.14,17:00:00
2017-04-20,23.12,17:30:00
2017-04-20,22.40,18:00:00
2017-04-20,22.39,18:30:00
2017-04-20,21.57,19:00:00
2017-04-20,21.59,19:30:00
2017-04-20,20.73,20:00:00
2017-04-20,20.76,20:30:00
2017-04-20,19.90,21:00:00
2017-04-20,19.91,21:30:00
2017-04-20,19.09,22:00:00
2017-04-20,19.07,22:30:00
2017-04-20,18.35,23:00:00
2017-04-20,18.32,23:30:00
2017-04-21,17.67,00:00:00
2017-04-21,17.65,00:30:00
2017-04-21,17.31,01:00:00
2017-04-21,17.32,01:30:00
2017-04-21,17.23,02:00:00
2017-04-21,17.25,02:30:00
2017-04-21,17.39,03:00:00
2017-04-21,17.41,03:30:00
2017-04-21,17.75,04:00:00
2017-04-21,17.74,04:30:00
2017-04-21,18.27,05:00:00
2017-04-21,18.24,05:30:00
2017-04-21,18.92,06:00:00
2017-04-21,18.90,06:30:00
2017-04-21,19.72,07:00:00
2017-04-21,19.72,07:30:00
2017-04-21,20.61,08:00:00
2017-04-21,20.64,08:30:00
2017-04-21,21.54,09:00:00
2017-04-21,21.56,09:30:00
2017-04-21,22.39,10:00:00
2017-04-21,22.39,10:30:00
2017-04-21,23.09,11:00:00
2017-04-21,23.07,11:30:00
2017-04-21,23.58,12:00:00
2017-04-21,23.56,12:30:00
2017-04-21,23.88,13:00:00
2017-04-21,23.88,13:30:00
2017-04-21,24.00,14:00:00
2017-04-21,24.02,14:30:00
2017-04-21,23.93,15:00:00
2017-04-21,23.96,15:30:00
2017-04-21,23.63,16:00:00
2017-04-21,23.64,16:30:00
2017-04-21,23.09,17:00:00
2017-04-21,23.08,17:30:00
2017-04-21,22.35,18:00:00
2017-04-21,22.33,18:30:00
2017-04-21,21.49,19:00:00
2017-04-21,21.48,19:30:00
2017-04-21,20.60,20:00:00
2017-04-21,20.61,20:30:00
2017-04-21,19.75,21:00:00
2017-04-21,19.78,21:30:00
2017-04-21,18.98,22:00:00
2017-04-21,18.99,22:30:00
2017-04-21,18.29,23:00:00
2017-04-21,18.28,23:30:00
2017-04-22,17.62,00:00:00
2017-04-22,17.60,00:30:00
2017-04-22,17.24,01:00:00
2017-04-22,17.22,01:30:00
2017-04-22,17.10,02:00:00
2017-04-22,17.11,02:30:00
2017-04-22,17.24,03:00:00
2017-04-22,17.26,03:30:00
2017-04-22,17.63,04:00:00
2017-04-22,17.65,04:30:00
2017-04-22,18.19,05:00:00
2017-04-22,18.19,05:30:00
2017-04-22,18.88,06:00:00
2017-04-22,18.86,06:30:00
2017-04-22,19.65,07:00:00
2017-04-22,19.63,07:30:00
2017-04-22,20.50,08:00:00
2017-04-22,20.50,08:30:00
2017-04-22,21.39,09:00:00
2017-04-22,21.41,09:30:00
2017-04-22,22.26,10:00:00
2017-04-22,22.28,10:30:00
2017-04-22,23.00,11:00:00
2017-04-22,23.00,11:30:00
2017-04-22,23.53,12:00:00
2017-04-22,23.52,12:30:00
2017-04-22,23.83,13:00:00
2017-04-22,23.81,13:30:00
2017-04-22,23.91,14:00:00
2017-04-22,23.90,14:30:00
2017-04-22,23.79,15:00:00
2017-04-22,23.81,15:30:00
2017-04-22,23.49,16:00:00
2017-04-22,23.51,16:30:00
2017-04-22,22.99,17:00:00
2017-04-22,23.00,17:30:00
2017-04-22,22.30,18:00:00
2017-04-22,22.28,18:30:00
2017-04-22,21.44,19:00:00
2017-04-22,21.42,19:30:00
2017-04-22,20.51,20:00:00
2017-04-22,20.50,20:30:00
2017-04-22,19.62,21:00:00
2017-04-22,19.63,21:30:00
2017-04-22,18.83,22:00:00
2017-04-22,18.86,22:30:00
2017-04-22,18.17,23:00:00
2017-04-22,18.19,23:30:00
2017-04-23,17.56,00:00:00
2017-04-23,17.55,00:30:00
2017-04-23,17.19,01:00:00
2017-04-23,17.17,01:30:00
2017-04-23,17.03,02:00:00
2017-04-23,17.01,02:30:00
2017-04-23,17.12,03:00:00
2017-04-23,17.12,03:30:00
2017-04-23,17.48,04:00:00
2017-04-23,17.50,04:30:00
2017-04-23,18.06,05:00:00
2017-04-23,18.08,05:30:00
2017-04-23,18.80,06:00:00
2017-04-23,18.80,06:30:00
2017-04-23,19.61,07:00:00
2017-04-23,19.59,07:30:00
2017-04-23,20.44,08:00:00
2017-04-23,20.42,08:30:00
2017-04-23,21.28,09:00:00
2017-04-23,21.28,09:30:00
2017-04-23,22.11,10:00:00
2017-04-23,22.13,10:30:00
2017-04-23,22.86,11:00:00
2017-04-23,22.88,11:30:00
2017-04-23,23.44,12:00:00
2017-04-23,23.45,12:30:00
2017-04-23,23.78,13:00:00
2017-04-23,23.76,13:30:00
2017-04-23,23.86,14:00:00
2017-04-23,23.83,14:30:00
2017-04-23,23.70,15:00:00
2017-04-23,23.69,15:30:00
2017-04-23,23.35,16:00:00
2017-04-23,23.36,16:30:00
2017-04-23,22.84,17:00:00
2017-04-23,22.87,17:30:00
2017-04-23,20.47,20:00:00
2017-04-23,20.44,20:30:00
2017-04-23,19.54,21:00:00
2017-04-23,19.53,21:30:00
2017-04-23,18.70,22:00:00
2017-04-23,18.71,22:30:00
2017-04-23,18.02,23:00:00
2017-04-23,18.05,23:30:00
2017-04-24,17.43,00:00:00
2017-04-24,17.45,00:30:00
2017-04-24,17.12,01:00:00
2017-04-24,17.12,01:30:00
2017-04-24,16.98,02:00:00
2017-04-24,16.96,02:30:00
2017-04-24,17.05,03:00:00
2017-04-24,17.03,03:30:00
2017-04-24,17.36,04:00:00
2017-04-24,17.36,04:30:00
2017-04-24,17.91,05:00:00
2017-04-24,17.94,05:30:00
2017-04-24,18.66,06:00:00
2017-04-24,18.69,06:30:00
2017-04-24,19.52,07:00:00
2017-04-24,19.52,07:30:00
2017-04-24,20.39,08:00:00
2017-04-24,20.38,08:30:00
2017-04-24,21.23,09:00:00
2017-04-24,21.21,09:30:00
2017-04-24,22.01,10:00:00
2017-04-24,22.00,10:30:00
2017-04-24,22.71,11:00:00
2017-04-24,22.73,11:30:00
2017-04-24,23.30,12:00:00
2017-04-24,23.32,12:30:00
2017-04-24,23.68,13:00:00
2017-04-24,23.69,13:30:00
2017-04-24,23.80,14:00:00
2017-04-24,23.79,14:30:00
2017-04-24,23.65,15:00:00
2017-04-24,23.62,15:30:00
2017-04-24,23.26,16:00:00
2017-04-24,23.25,16:30:00
2017-04-24,22.71,17:00:00
2017-04-24,22.72,17:30:00
2017-04-24,22.04,18:00:00
2017-04-24,22.06,18:30:00
2017-04-24,21.26,19:00:00
2017-04-24,21.28,19:30:00
2017-04-24,20.40,20:00:00
2017-04-24,20.40,20:30:00
2017-04-24,19.50,21:00:00
2017-04-24,19.47,21:30:00
2017-04-24,18.63,22:00:00
2017-04-24,18.61,22:30:00
2017-04-24,17.90,23:00:00
2017-04-24,17.90,23:30:00
2017-04-25,17.29,00:00:00
2017-04-25,17.31,00:30:00
2017-04-25,16.99,01:00:00
2017-04-25,17.01,01:30:00
2017-04-25,16.91,02:00:00
2017-04-25,16.91,02:30:00
2017-04-25,17.01,03:00:00
2017-04-25,16.99,03:30:00
2017-04-25,17.31,04:00:00
2017-04-25,17.28,04:30:00
2017-04-25,17.81,05:00:00
2017-04-25,17.81,05:30:00
2017-04-25,18.52,06:00:00
2017-04-25,18.54,06:30:00
2017-04-25,19.38,07:00:00
2017-04-25,19.41,07:30:00
2017-04-25,20.30,08:00:00
2017-04-25,20.31,08:30:00
2017-04-25,21.18,09:00:00
2017-04-25,21.17,09:30:00
2017-04-25,21.96,10:00:00
2017-04-25,21.94,10:30:00
2017-04-25,22.62,11:00:00
2017-04-25,22.62,11:30:00
2017-04-25,23.16,12:00:00
2017-04-25,23.17,12:30:00
2017-04-25,23.53,13:00:00
2017-04-25,23.56,13:30:00
2017-04-25,23.70,14:00:00
2017-04-25,23.71,14:30:00
2017-04-25,23.59,15:00:00
2017-04-25,23.58,15:30:00
2017-04-25,23.22,16:00:00
2017-04-25,23.20,16:30:00
2017-04-25,22.63,17:00:00
2017-04-25,22.62,17:30:00
2017-04-25,21.91,18:00:00
2017-04-25,21.92,18:30:00
2017-04-25,21.12,19:00:00
2017-04-25,21.14,19:30:00
2017-04-25,20.28,20:00:00
2017-04-25,20.30,20:30:00
2017-04-25,19.43,21:00:00
2017-04-25,19.43,21:30:00
2017-04-25,18.59,22:00:00
2017-04-25,18.57,22:30:00
2017-04-25,17.84,23:00:00
2017-04-25,17.82,23:30:00
2017-04-26,17.18,00:00:00
2017-04-26,17.18,00:30:00
2017-04-26,16.85,01:00:00
2017-04-26,16.87,01:30:00
2017-04-26,16.78,02:00:00
2017-04-26,16.80,02:30:00
2017-04-26,16.93,03:00:00
2017-04-26,16.94,03:30:00
2017-04-26,17.27,04:00:00
2017-04-26,17.25,04:30:00
2017-04-26,17.76,05:00:00
2017-04-26,17.74,05:30:00
2017-04-26,18.43,06:00:00
2017-04-26,18.42,06:30:00
2017-04-26,19.25,07:00:00
2017-04-26,19.26,07:30:00
2017-04-26,20.17,08:00:00
2017-04-26,20.19,08:30:00
2017-04-26,21.09,09:00:00
2017-04-26,21.10,09:30:00
2017-04-26,21.92,10:00:00
2017-04-26,21.90,10:30:00
2017-04-26,22.59,11:00:00
2017-04-26,22.56,11:30:00
2017-04-26,23.08,12:00:00
2017-04-26,23.07,12:30:00
2017-04-26,23.41,13:00:00
2017-04-26,23.42,13:30:00
2017-04-26,23.55,14:00:00
2017-04-26,23.58,14:30:00
2017-04-26,23.49,15:00:00
2017-04-26,23.50,15:30:00
2017-04-26,23.17,16:00:00
2017-04-26,23.16,16:30:00
2017-04-26,22.60,17:00:00
2017-04-26,22.57,17:30:00
2017-04-26,21.85,18:00:00
2017-04-26,21.83,18:30:00
2017-04-26,21.00,19:00:00
2017-04-26,21.01,19:30:00
2017-04-26,20.14,20:00:00
2017-04-26,20.17,20:30:00
2017-04-26,19.31,21:00:00
2017-04-26,19.33,21:30:00
2017-04-26,18.52,22:00:00
2017-04-26,18.52,22:30:00
2017-04-26,17.80,23:00:00
2017-04-26,17.78,23:30:00
2017-04-27,17.13,00:00:00
2017-04-27,17.11,00:30:00
2017-04-27,16.76,01:00:00
2017-04-27,16.76,01:30:00
2017-04-27,16.65,02:00:00
2017-04-27,16.67,02:30:00
2017-04-27,16.81,03:00:00
2017-04-27,16.83,03:30:00
2017-04-27,17.19,04:00:00
2017-04-27,17.19,04:30:00
2017-04-27,17.73,05:00:00
2017-04-27,17.71,05:30:00
2017-04-27,18.39,06:00:00
2017-04-27,18.37,06:30:00
2017-04-27,19.17,07:00:00
2017-04-27,19.16,07:30:00
2017-04-27,20.04,08:00:00
2017-04-27,20.06,08:30:00
2017-04-27,20.96,09:00:00
2017-04-27,20.98,09:30:00
2017-04-27,21.82,10:00:00
2017-04-27,21.84,10:30:00
2017-04-27,22.54,11:00:00
2017-04-27,22.53,11:30:00
2017-04-27,23.05,12:00:00
2017-04-27,23.02,12:30:00
2017-04-27,23.34,13:00:00
2017-04-27,23.33,13:30:00
2017-04-27,23.44,14:00:00
2017-04-27,23.45,14:30:00
2017-04-27,23.35,15:00:00
2017-04-27,23.37,15:30:00
2017-04-27,23.06,16:00:00
2017-04-27,23.08,16:30:00
2017-04-27,22.54,17:00:00
2017-04-27,22.54,17:30:00
2017-04-27,21.82,18:00:00
2017-04-27,21.79,18:30:00
2017-04-27,20.95,19:00:00
2017-04-27,20.93,19:30:00
2017-04-27,20.04,20:00:00
2017-04-27,20.04,20:30:00
2017-04-27,19.17,21:00:00
2017-04-27,19.20,21:30:00
2017-04-27,18.40,22:00:00
2017-04-27,18.42,22:30:00
2017-04-27,17.73,23:00:00
2017-04-27,17.73,23:30:00
2017-04-27,17.73,23:30:00
2017-04-28,17.11,00:00:00
2017-04-28,17.09,00:30:00
2017-04-28,16.72,01:00:00
2017-04-28,16.70,01:30:00
2017-04-28,16.57,02:00:00
2017-04-28,16.56,02:30:00
2017-04-28,16.69,03:00:00
2017-04-28,16.70,03:30:00
2017-04-28,17.07,04:00:00
2017-04-28,17.09,04:30:00
2017-04-28,17.65,05:00:00
2017-04-28,17.66,05:30:00
2017-04-28,18.36,06:00:00
2017-04-28,18.35,06:30:00
2017-04-28,19.14,07:00:00
2017-04-28,19.12,07:30:00
2017-04-28,19.98,08:00:00
2017-04-28,19.97,08:30:00
2017-04-28,20.85,09:00:00
2017-04-28,20.86,09:30:00
2017-04-28,21.70,10:00:00
2017-04-28,21.72,10:30:00
2017-04-28,22.45,11:00:00
2017-04-28,22.46,11:30:00
2017-04-28,23.01,12:00:00
2017-04-28,23.00,12:30:00
2017-04-28,23.32,13:00:00
2017-04-28,23.30,13:30:00
2017-04-28,23.39,14:00:00
2017-04-28,23.37,14:30:00
2017-04-28,23.25,15:00:00
2017-04-28,23.25,15:30:00
2017-04-28,22.93,16:00:00
2017-04-28,22.95,16:30:00
2017-04-28,22.44,17:00:00
2017-04-28,22.46,17:30:00
2017-04-28,21.76,18:00:00
2017-04-28,21.76,18:30:00
2017-04-28,20.93,19:00:00
2017-04-28,20.91,19:30:00
2017-04-28,20.00,20:00:00
2017-04-28,19.98,20:30:00
2017-04-28,19.09,21:00:00
2017-04-28,19.08,21:30:00
2017-04-28,18.27,22:00:00
2017-04-28,18.29,22:30:00
2017-04-28,17.62,23:00:00
2017-04-28,17.64,23:30:00
2017-04-29,17.05,00:00:00
2017-04-29,17.05,00:30:00
2017-04-29,16.71,01:00:00
2017-04-29,16.69,01:30:00
2017-04-29,16.55,02:00:00
2017-04-29,16.53,02:30:00
2017-04-29,16.62,03:00:00
2017-04-29,16.61,03:30:00
2017-04-29,16.96,04:00:00
2017-04-29,16.97,04:30:00
2017-04-29,17.54,05:00:00
2017-04-29,17.56,05:30:00
2017-04-29,18.29,06:00:00
2017-04-29,18.30,06:30:00
2017-04-29,19.12,07:00:00
2017-04-29,19.10,07:30:00
2017-04-29,19.96,08:00:00
2017-04-29,19.94,08:30:00
2017-04-29,20.80,09:00:00
2017-04-29,20.78,09:30:00
2017-04-29,21.60,10:00:00
2017-04-29,21.61,10:30:00
2017-04-29,22.33,11:00:00
2017-04-29,22.35,11:30:00
2017-04-29,22.92,12:00:00
2017-04-29,22.94,12:30:00
2017-04-29,23.28,13:00:00
2017-04-29,23.28,13:30:00
2017-04-29,23.38,14:00:00
2017-04-29,23.35,14:30:00
2017-04-29,23.21,15:00:00
2017-04-29,23.19,15:30:00
2017-04-29,22.84,16:00:00
2017-04-29,22.85,16:30:00
2017-04-29,22.32,17:00:00
2017-04-29,22.34,17:30:00
2017-04-29,21.66,18:00:00
2017-04-29,21.68,18:30:00
2017-04-29,20.88,19:00:00
2017-04-29,20.88,19:30:00
2017-04-29,19.99,20:00:00
2017-04-29,19.97,20:30:00
2017-04-29,19.06,21:00:00
2017-04-29,19.04,21:30:00
2017-04-29,18.20,22:00:00
2017-04-29,18.20,22:30:00
2017-04-29,17.50,23:00:00
2017-04-29,17.52,23:30:00
2017-04-30,16.95,00:00:00
2017-04-30,16.97,00:30:00
2017-04-30,16.65,01:00:00
2017-04-30,16.66,01:30:00
2017-04-30,16.54,02:00:00
2017-04-30,16.52,02:30:00
2017-04-30,16.62,03:00:00
2017-04-30,16.59,03:30:00
2017-04-30,16.91,04:00:00
2017-04-30,16.90,04:30:00
2017-04-30,17.44,05:00:00
2017-04-30,17.45,05:30:00
2017-04-30,18.18,06:00:00
2017-04-30,18.20,06:30:00
2017-04-30,19.05,07:00:00
2017-04-30,19.06,07:30:00
2017-04-30,19.94,08:00:00
2017-04-30,19.93,08:30:00
2017-04-30,20.80,09:00:00
2017-04-30,20.77,09:30:00
2017-04-30,21.57,10:00:00
2017-04-30,21.55,10:30:00
2017-04-30,22.25,11:00:00
2017-04-30,22.25,11:30:00
2017-04-30,22.81,12:00:00
2017-04-30,22.83,12:30:00
2017-04-30,23.20,13:00:00
2017-04-30,23.22,13:30:00
2017-04-30,23.34,14:00:00
2017-04-30,23.34,14:30:00
2017-04-30,23.21,15:00:00
2017-04-30,23.19,15:30:00
2017-04-30,22.82,16:00:00
2017-04-30,22.80,16:30:00
2017-04-30,22.25,17:00:00
2017-04-30,22.25,17:30:00
2017-04-30,21.56,18:00:00
2017-04-30,21.58,18:30:00
2017-04-30,20.78,19:00:00
2017-04-30,20.80,19:30:00
2017-04-30,19.94,20:00:00
2017-04-30,19.94,20:30:00
2017-04-30,19.06,21:00:00
2017-04-30,19.04,21:30:00
2017-04-30,18.19,22:00:00
2017-04-30,18.17,22:30:00
2017-04-30,17.45,23:00:00
2017-04-30,17.44,23:30:00
2017-05-01,16.86,00:00:00
2017-05-01,16.88,00:30:00
2017-05-01,16.56,01:00:00
2017-05-01,16.58,01:30:00
2017-05-01,16.49,02:00:00
2017-05-01,16.50,02:30:00
2017-05-01,16.61,03:00:00
2017-05-01,16.60,03:30:00
2017-05-01,16.92,04:00:00
2017-05-01,16.90,04:30:00
2017-05-01,17.41,05:00:00
2017-05-01,17.40,05:30:00
2017-05-01,18.10,06:00:00
2017-05-01,18.11,06:30:00
2017-05-01,18.95,07:00:00
2017-05-01,18.97,07:30:00
2017-05-01,19.88,08:00:00
2017-05-01,19.89,08:30:00
2017-05-01,20.78,09:00:00
2017-05-01,20.78,09:30:00
2017-05-01,21.58,10:00:00
2017-05-01,21.55,10:30:00
2017-05-01,22.23,11:00:00
2017-05-01,22.22,11:30:00
2017-05-01,22.75,12:00:00
2017-05-01,22.75,12:30:00
2017-05-01,23.10,13:00:00
2017-05-01,23.12,13:30:00
2017-05-01,23.26,14:00:00
2017-05-01,23.29,14:30:00
2017-05-01,23.18,15:00:00
2017-05-01,23.18,15:30:00
2017-05-01,22.83,16:00:00
2017-05-01,22.81,16:30:00
2017-05-01,22.25,17:00:00
2017-05-01,22.23,17:30:00
2017-05-01,21.51,18:00:00
2017-05-01,21.50,18:30:00
2017-05-01,20.69,19:00:00
2017-05-01,20.71,19:30:00
2017-05-01,19.85,20:00:00
2017-05-01,19.87,20:30:00
2017-05-01,19.01,21:00:00
2017-05-01,19.02,21:30:00
2017-05-01,18.20,22:00:00
2017-05-01,18.18,22:30:00
2017-05-01,17.45,23:00:00
2017-05-01,17.43,23:30:00
2017-05-02,16.84,00:00:00
2017-05-02,16.83,00:30:00
2017-05-02,16.49,01:00:00
2017-05-02,16.50,01:30:00
2017-05-02,16.41,02:00:00
2017-05-02,16.43,02:30:00
2017-05-02,16.57,03:00:00
2017-05-02,16.58,03:30:00
2017-05-02,16.93,04:00:00
2017-05-02,16.92,04:30:00
2017-05-02,17.44,05:00:00
2017-05-02,17.41,05:30:00
2017-05-02,18.09,06:00:00
2017-05-02,18.08,06:30:00
2017-05-02,18.89,07:00:00
2017-05-02,18.90,07:30:00
2017-05-02,19.79,08:00:00
2017-05-02,19.82,08:30:00
2017-05-02,20.72,09:00:00
2017-05-02,20.74,09:30:00
2017-05-02,21.57,10:00:00
2017-05-02,21.57,10:30:00
2017-05-02,22.26,11:00:00
2017-05-02,22.24,11:30:00
2017-05-02,22.75,12:00:00
2017-05-02,22.73,12:30:00
2017-05-02,23.06,13:00:00
2017-05-02,23.06,13:30:00
2017-05-02,23.18,14:00:00
2017-05-02,23.20,14:30:00
2017-05-02,23.11,15:00:00
2017-05-02,23.14,15:30:00
2017-05-02,22.81,16:00:00
2017-05-02,22.82,16:30:00
2017-05-02,22.27,17:00:00
2017-05-02,22.25,17:30:00
2017-05-02,21.52,18:00:00
2017-05-02,21.50,18:30:00
2017-05-02,20.66,19:00:00
2017-05-02,20.65,19:30:00
2017-05-02,19.78,20:00:00
2017-05-02,19.79,20:30:00
2017-05-02,18.93,21:00:00
2017-05-02,18.96,21:30:00
2017-05-02,18.16,22:00:00
2017-05-02,18.17,22:30:00
2017-05-02,17.46,23:00:00
2017-05-02,17.45,23:30:00
2017-05-03,16.87,00:00:00
2017-05-03,16.85,00:30:00
2017-05-03,16.49,01:00:00
2017-05-03,16.47,01:30:00
2017-05-03,16.35,02:00:00
2017-05-03,16.36,02:30:00
2017-05-03,16.50,03:00:00
2017-05-03,16.52,03:30:00
2017-05-03,16.89,04:00:00
2017-05-03,16.90,04:30:00
2017-05-03,17.45,05:00:00
2017-05-03,17.44,05:30:00
2017-05-03,18.13,06:00:00
2017-05-03,18.11,06:30:00
2017-05-03,18.90,07:00:00
2017-05-03,18.88,07:30:00
2017-05-03,19.75,08:00:00
2017-05-03,19.76,08:30:00
2017-05-03,20.65,09:00:00
2017-05-03,20.67,09:30:00
2017-05-03,21.52,10:00:00
2017-05-03,21.54,10:30:00
2017-05-03,22.26,11:00:00
2017-05-03,22.26,11:30:00
2017-05-03,22.79,12:00:00
2017-05-03,22.77,12:30:00
2017-05-03,23.08,13:00:00
2017-05-03,23.06,13:30:00
2017-05-03,23.16,14:00:00
2017-05-03,23.15,14:30:00
2017-05-03,23.05,15:00:00
2017-05-03,23.06,15:30:00
2017-05-03,22.75,16:00:00
2017-05-03,22.77,16:30:00
2017-05-03,22.25,17:00:00
2017-05-03,22.26,17:30:00
2017-05-03,21.55,18:00:00
2017-05-03,21.53,18:30:00
2017-05-03,20.69,19:00:00
2017-05-03,20.67,19:30:00
2017-05-03,19.77,20:00:00
2017-05-03,19.75,20:30:00
2017-05-03,18.88,21:00:00
2017-05-03,18.89,21:30:00
2017-05-03,18.09,22:00:00
2017-05-03,18.12,22:30:00
2017-05-03,17.43,23:00:00
2017-05-03,17.45,23:30:00
2017-05-04,16.91,00:00:00
2017-05-04,16.90,00:30:00
2017-05-04,16.54,01:00:00
2017-05-04,16.51,01:30:00
2017-05-04,16.37,02:00:00
2017-05-04,16.36,02:30:00
2017-05-04,16.47,03:00:00
2017-05-04,16.47,03:30:00
2017-05-04,16.83,04:00:00
2017-05-04,16.85,04:30:00
2017-05-04,17.42,05:00:00
2017-05-04,17.44,05:30:00
2017-05-04,18.15,06:00:00
2017-05-04,18.15,06:30:00
2017-05-04,18.95,07:00:00
2017-05-04,18.93,07:30:00
2017-05-04,19.79,08:00:00
2017-05-04,19.76,08:30:00
2017-05-04,20.63,09:00:00
2017-05-04,20.63,09:30:00
2017-05-04,21.46,10:00:00
2017-05-04,21.48,10:30:00
2017-05-04,22.21,11:00:00
2017-05-04,22.24,11:30:00
2017-05-04,22.79,12:00:00
2017-05-04,22.79,12:30:00
2017-05-04,23.13,13:00:00
2017-05-04,23.11,13:30:00
2017-05-04,23.20,14:00:00
2017-05-04,23.18,14:30:00
2017-05-04,23.04,15:00:00
2017-05-04,23.03,15:30:00
2017-05-04,22.70,16:00:00
2017-05-04,22.72,16:30:00
2017-05-04,22.20,17:00:00
2017-05-04,22.22,17:30:00
2017-05-04,21.54,18:00:00
2017-05-04,21.55,18:30:00
2017-05-04,20.73,19:00:00
2017-05-04,20.71,19:30:00
2017-05-04,19.81,20:00:00
2017-05-04,19.79,20:30:00
2017-05-04,18.89,21:00:00
2017-05-04,18.87,21:30:00
2017-05-04,18.05,22:00:00
2017-05-04,18.06,22:30:00
2017-05-04,17.38,23:00:00
2017-05-04,17.40,23:30:00
2017-05-05,16.89,00:00:00
2017-05-05,16.91,00:30:00
2017-05-05,16.58,01:00:00
2017-05-05,16.57,01:30:00
2017-05-05,16.44,02:00:00
2017-05-05,16.41,02:30:00
2017-05-05,16.50,03:00:00
2017-05-05,16.49,03:30:00
2017-05-05,16.82,04:00:00
2017-05-05,16.82,04:30:00
2017-05-05,17.37,05:00:00
2017-05-05,17.40,05:30:00
2017-05-05,18.13,06:00:00
2017-05-05,18.15,06:30:00
2017-05-05,18.98,07:00:00
2017-05-05,18.98,07:30:00
2017-05-05,19.85,08:00:00
2017-05-05,19.83,08:30:00
2017-05-05,20.68,09:00:00
2017-05-05,20.66,09:30:00
2017-05-05,21.46,10:00:00
2017-05-05,21.46,10:30:00
2017-05-05,22.17,11:00:00
2017-05-05,22.19,11:30:00
2017-05-05,22.76,12:00:00
2017-05-05,22.78,12:30:00
2017-05-05,23.14,13:00:00
2017-05-05,23.14,13:30:00
2017-05-05,23.26,14:00:00
2017-05-05,23.24,14:30:00
2017-05-05,23.10,15:00:00
2017-05-05,23.08,15:30:00
2017-05-05,22.72,16:00:00
2017-05-05,22.71,16:30:00
2017-05-05,22.17,17:00:00
2017-05-05,22.18,17:30:00
2017-05-05,21.50,18:00:00
2017-05-05,21.52,18:30:00
2017-05-05,20.72,19:00:00
2017-05-05,20.74,19:30:00
2017-05-05,19.86,20:00:00
2017-05-05,19.85,20:30:00
2017-05-05,18.95,21:00:00
2017-05-05,18.93,21:30:00
2017-05-05,18.08,22:00:00
2017-05-05,18.07,22:30:00
2017-05-05,17.36,23:00:00
2017-05-05,17.36,23:30:00
2017-05-06,16.86,00:00:00
2017-05-06,16.89,00:30:00
2017-05-06,16.57,01:00:00
2017-05-06,16.59,01:30:00
2017-05-06,16.48,02:00:00
2017-05-06,16.48,02:30:00
2017-05-06,16.58,03:00:00
2017-05-06,16.56,03:30:00
2017-05-06,16.87,04:00:00
2017-05-06,16.85,04:30:00
2017-05-06,17.38,05:00:00
2017-05-06,17.38,05:30:00
2017-05-06,18.10,06:00:00
2017-05-06,18.12,06:30:00
2017-05-06,18.96,07:00:00
2017-05-06,45.00,07:30:00
2017-05-06,19.88,08:00:00
2017-05-06,19.88,08:30:00
2017-05-06,20.76,09:00:00
2017-05-06,20.74,09:30:00
2017-05-06,21.53,10:00:00
2017-05-06,21.51,10:30:00
2017-05-06,22.20,11:00:00
2017-05-06,22.19,11:30:00
2017-05-06,22.73,12:00:00
2017-05-06,22.75,12:30:00
2017-05-06,23.11,13:00:00
2017-05-06,23.14,13:30:00
2017-05-06,23.27,14:00:00
2017-05-06,23.28,14:30:00
2017-05-06,23.17,15:00:00
2017-05-06,23.15,15:30:00
2017-05-06,22.79,16:00:00
2017-05-06,22.77,16:30:00
2017-05-06,22.20,17:00:00
2017-05-06,22.19,17:30:00
2017-05-06,21.49,18:00:00
2017-05-06,21.50,18:30:00
2017-05-06,20.70,19:00:00
2017-05-06,20.72,19:30:00
2017-05-06,19.86,20:00:00
2017-05-06,19.88,20:30:00
2017-05-06,19.00,21:00:00
2017-05-06,19.00,21:30:00
2017-05-06,18.16,22:00:00
2017-05-06,18.14,22:30:00
2017-05-06,17.41,23:00:00
2017-05-06,17.39,23:30:00
2017-05-07,16.88,00:00:00
2017-05-07,16.88,00:30:00
2017-05-07,16.56,01:00:00
2017-05-07,16.58,01:30:00
2017-05-07,16.49,02:00:00
2017-05-07,16.51,02:30:00
2017-05-07,16.64,03:00:00
2017-05-07,16.64,03:30:00
2017-05-07,16.96,04:00:00
2017-05-07,16.94,04:30:00
2017-05-07,17.46,05:00:00
2017-05-07,17.43,05:30:00
2017-05-07,18.12,06:00:00
2017-05-07,18.12,06:30:00
2017-05-07,18.95,07:00:00
2017-05-07,18.97,07:30:00
2017-05-07,19.87,08:00:00
2017-05-07,19.90,08:30:00
2017-05-07,20.79,09:00:00
2017-05-07,20.80,09:30:00
2017-05-07,21.62,10:00:00
2017-05-07,21.60,10:30:00
2017-05-07,22.28,11:00:00
2017-05-07,22.26,11:30:00
2017-05-07,22.78,12:00:00
2017-05-07,22.77,12:30:00
2017-05-07,23.11,13:00:00
2017-05-07,23.12,13:30:00
2017-05-07,23.26,14:00:00
2017-05-07,23.28,14:30:00
2017-05-07,23.19,15:00:00
2017-05-07,23.20,15:30:00
2017-05-07,22.86,16:00:00
2017-05-07,22.85,16:30:00
2017-05-07,22.29,17:00:00
2017-05-07,22.27,17:30:00
2017-05-07,21.54,18:00:00
2017-05-07,21.53,18:30:00
2017-05-07,20.70,19:00:00
2017-05-07,20.71,19:30:00
2017-05-07,19.85,20:00:00
2017-05-07,19.87,20:30:00
2017-05-07,19.01,21:00:00
2017-05-07,19.03,21:30:00
2017-05-07,18.22,22:00:00
2017-05-07,18.22,22:30:00
2017-05-07,17.50,23:00:00
2017-05-07,17.47,23:30:00
2017-05-08,16.96,00:00:00
2017-05-08,16.94,00:30:00
2017-05-08,16.59,01:00:00
2017-05-08,16.59,01:30:00
2017-05-08,16.48,02:00:00
2017-05-08,16.50,02:30:00
2017-05-08,16.65,03:00:00
2017-05-08,16.67,03:30:00
2017-05-08,17.02,04:00:00
2017-05-08,17.02,04:30:00
2017-05-08,17.56,05:00:00
2017-05-08,17.54,05:30:00
2017-05-08,18.22,06:00:00
2017-05-08,18.19,06:30:00
2017-05-08,19.00,07:00:00
2017-05-08,18.99,07:30:00
2017-05-08,19.88,08:00:00
2017-05-08,19.89,08:30:00
2017-05-08,20.80,09:00:00
2017-05-08,20.82,09:30:00
2017-05-08,21.66,10:00:00
2017-05-08,21.67,10:30:00
2017-05-08,22.37,11:00:00
2017-05-08,22.36,11:30:00
2017-05-08,22.88,12:00:00
2017-05-08,22.85,12:30:00
2017-05-08,23.17,13:00:00
2017-05-08,23.16,13:30:00
2017-05-08,23.27,14:00:00
2017-05-08,23.28,14:30:00
2017-05-08,23.19,15:00:00
2017-05-08,23.21,15:30:00
2017-05-08,22.89,16:00:00
2017-05-08,22.91,16:30:00
2017-05-08,22.37,17:00:00
2017-05-08,22.37,17:30:00
2017-05-08,21.64,18:00:00
2017-05-08,21.62,18:30:00
2017-05-08,20.78,19:00:00
2017-05-08,20.76,19:30:00
2017-05-08,19.87,20:00:00
2017-05-08,19.87,20:30:00
2017-05-08,19.01,21:00:00
2017-05-08,19.03,21:30:00
2017-05-08,18.24,22:00:00
2017-05-08,18.26,22:30:00
2017-05-08,17.56,23:00:00
2017-05-08,17.56,23:30:00
2017-05-09,17.07,00:00:00
2017-05-09,17.05,00:30:00
2017-05-09,16.69,01:00:00
2017-05-09,16.66,01:30:00
2017-05-09,16.53,02:00:00
2017-05-09,16.53,02:30:00
2017-05-09,16.66,03:00:00
2017-05-09,16.67,03:30:00
2017-05-09,17.04,04:00:00
2017-05-09,17.06,04:30:00
2017-05-09,17.62,05:00:00
2017-05-09,17.63,05:30:00
2017-05-09,18.32,06:00:00
2017-05-09,18.31,06:30:00
2017-05-09,19.10,07:00:00
2017-05-09,19.08,07:30:00
2017-05-09,19.94,08:00:00
2017-05-09,19.93,08:30:00
2017-05-09,20.81,09:00:00
2017-05-09,20.83,09:30:00
2017-05-09,21.67,10:00:00
2017-05-09,21.69,10:30:00
2017-05-09,22.42,11:00:00
2017-05-09,22.43,11:30:00
2017-05-09,22.97,12:00:00
2017-05-09,22.96,12:30:00
2017-05-09,23.28,13:00:00
2017-05-09,23.26,13:30:00
2017-05-09,23.35,14:00:00
2017-05-09,23.33,14:30:00
2017-05-09,23.21,15:00:00
2017-05-09,23.22,15:30:00
2017-05-09,22.90,16:00:00
2017-05-09,22.92,16:30:00
2017-05-09,22.41,17:00:00
2017-05-09,22.43,17:30:00
2017-05-09,21.73,18:00:00
2017-05-09,21.73,18:30:00
2017-05-09,20.89,19:00:00
2017-05-09,20.87,19:30:00
2017-05-09,19.96,20:00:00
2017-05-09,19.94,20:30:00
2017-05-09,19.05,21:00:00
2017-05-09,19.05,21:30:00
2017-05-09,18.24,22:00:00
2017-05-09,18.27,22:30:00
2017-05-09,17.59,23:00:00
2017-05-09,17.61,23:30:00
2017-05-10,17.15,00:00:00
2017-05-10,17.16,00:30:00
2017-05-10,16.81,01:00:00
2017-05-10,16.79,01:30:00
2017-05-10,16.65,02:00:00
2017-05-10,16.62,02:30:00
2017-05-10,16.72,03:00:00
2017-05-10,16.72,03:30:00
2017-05-10,17.06,04:00:00
2017-05-10,17.08,04:30:00
2017-05-10,17.64,05:00:00
2017-05-10,17.67,05:30:00
2017-05-10,18.39,06:00:00
2017-05-10,18.40,06:30:00
2017-05-10,19.22,07:00:00
2017-05-10,19.20,07:30:00
2017-05-10,20.06,08:00:00
2017-05-10,20.04,08:30:00
2017-05-10,20.89,09:00:00
2017-05-10,20.88,09:30:00
2017-05-10,21.70,10:00:00
2017-05-10,21.71,10:30:00
2017-05-10,22.44,11:00:00
2017-05-10,22.46,11:30:00
2017-05-10,23.02,12:00:00
2017-05-10,23.04,12:30:00
2017-05-10,23.38,13:00:00
2017-05-10,23.38,13:30:00
2017-05-10,23.47,14:00:00
2017-05-10,23.45,14:30:00
2017-05-10,23.31,15:00:00
2017-05-10,23.29,15:30:00
2017-05-10,22.94,16:00:00
2017-05-10,22.95,16:30:00
2017-05-10,22.42,17:00:00
2017-05-10,22.45,17:30:00
2017-05-10,21.77,18:00:00
2017-05-10,21.79,18:30:00
2017-05-10,20.98,19:00:00
2017-05-10,20.98,19:30:00
2017-05-10,20.09,20:00:00
2017-05-10,20.06,20:30:00
2017-05-10,19.16,21:00:00
2017-05-10,19.14,21:30:00
2017-05-10,18.30,22:00:00
2017-05-10,18.30,22:30:00
2017-05-10,17.61,23:00:00
2017-05-10,17.63,23:30:00
2017-05-11,17.19,00:00:00
2017-05-11,17.21,00:30:00
2017-05-11,16.89,01:00:00
2017-05-11,16.89,01:30:00
2017-05-11,16.77,02:00:00
2017-05-11,16.76,02:30:00
2017-05-11,16.85,03:00:00
2017-05-11,16.82,03:30:00
2017-05-11,17.14,04:00:00
2017-05-11,17.13,04:30:00
2017-05-11,17.68,05:00:00
2017-05-11,17.69,05:30:00
2017-05-11,18.42,06:00:00
2017-05-11,18.44,06:30:00
2017-05-11,19.28,07:00:00
2017-05-11,19.30,07:30:00
2017-05-11,20.18,08:00:00
2017-05-11,20.17,08:30:00
2017-05-11,21.03,09:00:00
2017-05-11,21.00,09:30:00
2017-05-11,21.80,10:00:00
2017-05-11,21.78,10:30:00
2017-05-11,22.48,11:00:00
2017-05-11,22.49,11:30:00
2017-05-11,23.05,12:00:00
2017-05-11,23.07,12:30:00
2017-05-11,23.44,13:00:00
2017-05-11,23.46,13:30:00
2017-05-11,23.58,14:00:00
2017-05-11,23.57,14:30:00
2017-05-11,23.44,15:00:00
2017-05-11,23.42,15:30:00
2017-05-11,23.06,16:00:00
2017-05-11,23.04,16:30:00
2017-05-11,22.48,17:00:00
2017-05-11,22.49,17:30:00
2017-05-11,21.79,18:00:00
2017-05-11,21.82,18:30:00
2017-05-11,21.02,19:00:00
2017-05-11,21.04,19:30:00
2017-05-11,20.18,20:00:00
2017-05-11,20.18,20:30:00
2017-05-11,19.29,21:00:00
2017-05-11,19.27,21:30:00
2017-05-11,18.42,22:00:00
2017-05-11,18.40,22:30:00
2017-05-11,17.68,23:00:00
2017-05-11,17.67,23:30:00
2017-05-12,17.23,00:00:00
2017-05-12,17.24,00:30:00
2017-05-12,16.93,01:00:00
2017-05-12,16.95,01:30:00
2017-05-12,16.86,02:00:00
2017-05-12,16.86,02:30:00
2017-05-12,16.98,03:00:00
2017-05-12,16.96,03:30:00
2017-05-12,17.28,04:00:00
2017-05-12,17.26,04:30:00
2017-05-12,17.77,05:00:00
2017-05-12,17.76,05:30:00
2017-05-12,18.47,06:00:00
2017-05-12,18.48,06:30:00
2017-05-12,19.32,07:00:00
2017-05-12,19.34,07:30:00
2017-05-12,20.25,08:00:00
2017-05-12,20.26,08:30:00
2017-05-12,21.15,09:00:00
2017-05-12,21.14,09:30:00
2017-05-12,21.94,10:00:00
2017-05-12,21.91,10:30:00
2017-05-12,22.59,11:00:00
2017-05-12,22.58,11:30:00
2017-05-12,23.11,12:00:00
2017-05-12,23.11,12:30:00
2017-05-12,23.47,13:00:00
2017-05-12,23.49,13:30:00
2017-05-12,23.63,14:00:00
2017-05-12,23.65,14:30:00
2017-05-12,23.55,15:00:00
2017-05-12,23.55,15:30:00
2017-05-12,23.19,16:00:00
2017-05-12,23.17,16:30:00
2017-05-12,22.61,17:00:00
2017-05-12,22.59,17:30:00
2017-05-12,21.87,18:00:00
2017-05-12,21.87,18:30:00
2017-05-12,21.06,19:00:00
2017-05-12,21.08,19:30:00
2017-05-12,20.22,20:00:00
2017-05-12,20.24,20:30:00
2017-05-12,19.38,21:00:00
2017-05-12,19.39,21:30:00
2017-05-12,18.56,22:00:00
2017-05-12,18.54,22:30:00
2017-05-12,17.81,23:00:00
2017-05-12,17.79,23:30:00
2017-05-13,17.32,00:00:00
2017-05-13,17.31,00:30:00
2017-05-13,16.98,01:00:00
2017-05-13,16.99,01:30:00
2017-05-13,16.90,02:00:00
2017-05-13,16.92,02:30:00
2017-05-13,17.06,03:00:00
2017-05-13,17.07,03:30:00
2017-05-13,17.41,04:00:00
2017-05-13,17.40,04:30:00
2017-05-13,17.92,05:00:00
2017-05-13,17.89,05:30:00
2017-05-13,18.58,06:00:00
2017-05-13,18.56,06:30:00
2017-05-13,19.38,07:00:00
2017-05-13,19.39,07:30:00
2017-05-13,20.28,08:00:00
2017-05-13,20.31,08:30:00
2017-05-13,21.21,09:00:00
2017-05-13,21.23,09:30:00
2017-05-13,22.06,10:00:00
2017-05-13,22.05,10:30:00
2017-05-13,22.74,11:00:00
2017-05-13,22.72,11:30:00
2017-05-13,23.23,12:00:00
2017-05-13,23.21,12:30:00
2017-05-13,23.54,13:00:00
2017-05-13,23.54,13:30:00
2017-05-13,23.67,14:00:00
2017-05-13,23.69,14:30:00
2017-05-13,23.60,15:00:00
2017-05-13,23.63,15:30:00
2017-05-13,23.30,16:00:00
2017-05-13,23.30,16:30:00
2017-05-13,22.75,17:00:00
2017-05-13,22.73,17:30:00
2017-05-13,22.00,18:00:00
2017-05-13,21.98,18:30:00
2017-05-13,21.14,19:00:00
2017-05-13,21.14,19:30:00
2017-05-13,20.26,20:00:00
2017-05-13,20.28,20:30:00
2017-05-13,19.43,21:00:00
2017-05-13,19.45,21:30:00
2017-05-13,18.65,22:00:00
2017-05-13,18.66,22:30:00
2017-05-13,17.95,23:00:00
2017-05-13,17.93,23:30:00
2017-05-14,17.47,00:00:00
2017-05-14,17.44,00:30:00
2017-05-14,17.08,01:00:00
2017-05-14,17.07,01:30:00
2017-05-14,16.95,02:00:00
2017-05-14,16.97,02:30:00
2017-05-14,17.10,03:00:00
2017-05-14,17.13,03:30:00
2017-05-14,17.49,04:00:00
2017-05-14,17.50,04:30:00
2017-05-14,18.05,05:00:00
2017-05-14,18.04,05:30:00
2017-05-14,18.72,06:00:00
2017-05-14,18.70,06:30:00
2017-05-14,19.50,07:00:00
2017-05-14,19.48,07:30:00
2017-05-14,20.35,08:00:00
2017-05-14,20.36,08:30:00
2017-05-14,21.25,09:00:00
2017-05-14,21.28,09:30:00
2017-05-14,22.12,10:00:00
2017-05-14,22.14,10:30:00
2017-05-14,22.86,11:00:00
2017-05-14,22.85,11:30:00
2017-05-14,23.38,12:00:00
2017-05-14,23.36,12:30:00
2017-05-14,23.67,13:00:00
2017-05-14,23.65,13:30:00
2017-05-14,23.75,14:00:00
2017-05-14,23.75,14:30:00
2017-05-14,23.65,15:00:00
2017-05-14,23.67,15:30:00
2017-05-14,23.35,16:00:00
2017-05-14,23.38,16:30:00
2017-05-14,22.85,17:00:00
2017-05-14,22.86,17:30:00
2017-05-14,22.15,18:00:00
2017-05-14,22.13,18:30:00
2017-05-14,21.28,19:00:00
2017-05-14,21.26,19:30:00
2017-05-14,20.36,20:00:00
2017-05-14,20.35,20:30:00
2017-05-14,19.48,21:00:00
2017-05-14,19.49,21:30:00
2017-05-14,18.69,22:00:00
2017-05-14,18.72,22:30:00
2017-05-14,18.04,23:00:00
2017-05-14,18.05,23:30:00
2017-05-15,17.60,00:00:00
2017-05-15,17.59,00:30:00
2017-05-15,17.23,01:00:00
2017-05-15,17.21,01:30:00
2017-05-15,17.07,02:00:00
2017-05-15,17.05,02:30:00
2017-05-15,17.17,03:00:00
2017-05-15,17.18,03:30:00
2017-05-15,17.53,04:00:00
2017-05-15,17.56,04:30:00
2017-05-15,18.12,05:00:00
2017-05-15,18.14,05:30:00
2017-05-15,18.85,06:00:00
2017-05-15,18.84,06:30:00
2017-05-15,19.65,07:00:00
2017-05-15,19.62,07:30:00
2017-05-15,20.48,08:00:00
2017-05-15,20.46,08:30:00
2017-05-15,21.33,09:00:00
2017-05-15,21.33,09:30:00
2017-05-15,22.17,10:00:00
2017-05-15,22.19,10:30:00
2017-05-15,22.92,11:00:00
2017-05-15,22.94,11:30:00
2017-05-15,23.49,12:00:00
2017-05-15,23.49,12:30:00
2017-05-15,23.82,13:00:00
2017-05-15,23.80,13:30:00
2017-05-15,23.89,14:00:00
2017-05-15,23.87,14:30:00
2017-05-15,23.74,15:00:00
2017-05-15,23.73,15:30:00
2017-05-15,23.40,16:00:00
2017-05-15,23.42,16:30:00
2017-05-15,22.90,17:00:00
2017-05-15,22.93,17:30:00
2017-05-15,22.24,18:00:00
2017-05-15,22.25,18:30:00
2017-05-15,21.43,19:00:00
2017-05-15,21.41,19:30:00
2017-05-15,20.51,20:00:00
2017-05-15,20.48,20:30:00
2017-05-15,19.58,21:00:00
2017-05-15,19.57,21:30:00
2017-05-15,18.75,22:00:00
2017-05-15,18.76,22:30:00
2017-05-15,18.08,23:00:00
2017-05-15,18.11,23:30:00
2017-05-16,17.69,00:00:00
2017-05-16,17.70,00:30:00
2017-05-16,17.36,01:00:00
2017-05-16,17.35,01:30:00
2017-05-16,17.22,02:00:00
2017-05-16,17.19,02:30:00
2017-05-16,17.29,03:00:00
2017-05-16,17.27,03:30:00
2017-05-16,17.60,04:00:00
2017-05-16,17.61,04:30:00
2017-05-16,18.17,05:00:00
2017-05-16,18.19,05:30:00
2017-05-16,18.92,06:00:00
2017-05-16,18.94,06:30:00
2017-05-16,19.77,07:00:00
2017-05-16,19.76,07:30:00
2017-05-16,20.63,08:00:00
2017-05-16,20.61,08:30:00
2017-05-16,21.46,09:00:00
2017-05-16,21.44,09:30:00
2017-05-16,22.25,10:00:00
2017-05-16,22.25,10:30:00
2017-05-16,22.96,11:00:00
2017-05-16,22.98,11:30:00
2017-05-16,23.55,12:00:00
2017-05-16,23.57,12:30:00
2017-05-16,23.93,13:00:00
2017-05-16,23.93,13:30:00
2017-05-16,24.04,14:00:00
2017-05-16,24.02,14:30:00
2017-05-16,23.88,15:00:00
2017-05-16,23.86,15:30:00
2017-05-16,23.50,16:00:00
2017-05-16,23.49,16:30:00
2017-05-16,22.96,17:00:00
2017-05-16,22.97,17:30:00
2017-05-16,22.29,18:00:00
2017-05-16,22.31,18:30:00
2017-05-16,21.52,19:00:00
2017-05-16,21.53,19:30:00
2017-05-16,20.65,20:00:00
2017-05-16,20.63,20:30:00
2017-05-16,19.73,21:00:00
2017-05-16,19.71,21:30:00
2017-05-16,18.86,22:00:00
2017-05-16,18.85,22:30:00
2017-05-16,18.14,23:00:00
2017-05-16,18.15,23:30:00
2017-05-17,17.73,00:00:00
2017-05-17,17.75,00:30:00
2017-05-17,17.44,01:00:00
2017-05-17,17.45,01:30:00
2017-05-17,17.34,02:00:00
2017-05-17,17.34,02:30:00
2017-05-17,17.44,03:00:00
2017-05-17,17.41,03:30:00
2017-05-17,17.73,04:00:00
2017-05-17,17.71,04:30:00
2017-05-17,18.24,05:00:00
2017-05-17,18.24,05:30:00
2017-05-17,18.96,06:00:00
2017-05-17,18.98,06:30:00
2017-05-17,19.83,07:00:00
2017-05-17,19.85,07:30:00
2017-05-17,20.74,08:00:00
2017-05-17,20.74,08:30:00
2017-05-17,21.61,09:00:00
2017-05-17,21.59,09:30:00
2017-05-17,22.39,10:00:00
2017-05-17,22.36,10:30:00
2017-05-17,23.05,11:00:00
2017-05-17,23.05,11:30:00
2017-05-17,23.60,12:00:00
2017-05-17,23.61,12:30:00
2017-05-17,23.98,13:00:00
2017-05-17,24.00,13:30:00
2017-05-17,24.14,14:00:00
2017-05-17,24.14,14:30:00
2017-05-17,24.02,15:00:00
2017-05-17,24.01,15:30:00
2017-05-17,23.64,16:00:00
2017-05-17,23.62,16:30:00
2017-05-17,23.06,17:00:00
2017-05-17,23.05,17:30:00
2017-05-17,22.35,18:00:00
2017-05-17,22.36,18:30:00
2017-05-17,21.56,19:00:00
2017-05-17,21.58,19:30:00
2017-05-17,20.73,20:00:00
2017-05-17,20.74,20:30:00
2017-05-17,19.86,21:00:00
2017-05-17,19.85,21:30:00
2017-05-17,19.01,22:00:00
2017-05-17,18.99,22:30:00
2017-05-17,18.26,23:00:00
2017-05-17,18.24,23:30:00
2017-05-18,17.79,00:00:00
2017-05-18,17.80,00:30:00
2017-05-18,17.47,01:00:00
2017-05-18,17.50,01:30:00
2017-05-18,17.41,02:00:00
2017-05-18,17.43,02:30:00
2017-05-18,17.55,03:00:00
2017-05-18,17.55,03:30:00
2017-05-18,17.87,04:00:00
2017-05-18,17.85,04:30:00
2017-05-18,18.37,05:00:00
2017-05-18,18.34,05:30:00
2017-05-18,19.04,06:00:00
2017-05-18,19.04,06:30:00
2017-05-18,19.87,07:00:00
2017-05-18,19.89,07:30:00
2017-05-18,20.79,08:00:00
2017-05-18,20.82,08:30:00
2017-05-18,21.71,09:00:00
2017-05-18,21.71,09:30:00
2017-05-18,22.53,10:00:00
2017-05-18,22.51,10:30:00
2017-05-18,23.19,11:00:00
2017-05-18,23.16,11:30:00
2017-05-18,23.69,12:00:00
2017-05-18,23.68,12:30:00
2017-05-18,24.02,13:00:00
2017-05-18,24.04,13:30:00
2017-05-18,24.18,14:00:00
2017-05-18,24.20,14:30:00
2017-05-18,24.11,15:00:00
2017-05-18,24.12,15:30:00
2017-05-18,23.78,16:00:00
2017-05-18,23.76,16:30:00
2017-05-18,23.20,17:00:00
2017-05-18,23.18,17:30:00
2017-05-18,22.45,18:00:00
2017-05-18,22.44,18:30:00
2017-05-18,21.62,19:00:00
2017-05-18,21.63,19:30:00
2017-05-18,20.76,20:00:00
2017-05-18,20.79,20:30:00
2017-05-18,19.93,21:00:00
2017-05-18,19.95,21:30:00
2017-05-18,19.13,22:00:00
2017-05-18,19.13,22:30:00
2017-05-18,18.41,23:00:00
2017-05-18,18.38,23:30:00
2017-05-19,17.90,00:00:00
2017-05-19,17.89,00:30:00
2017-05-19,17.54,01:00:00
2017-05-19,17.54,01:30:00
2017-05-19,17.44,02:00:00
2017-05-19,17.46,02:30:00
2017-05-19,17.60,03:00:00
2017-05-19,17.62,03:30:00
2017-05-19,17.97,04:00:00
2017-05-19,17.98,04:30:00
2017-05-19,18.50,05:00:00
2017-05-19,18.48,05:30:00
2017-05-19,19.16,06:00:00
2017-05-19,19.14,06:30:00
2017-05-19,19.95,07:00:00
2017-05-19,19.94,07:30:00
2017-05-19,20.83,08:00:00
2017-05-19,20.85,08:30:00
2017-05-19,21.75,09:00:00
2017-05-19,21.78,09:30:00
2017-05-19,22.61,10:00:00
2017-05-19,22.62,10:30:00
2017-05-19,23.32,11:00:00
2017-05-19,23.30,11:30:00
2017-05-19,23.82,12:00:00
2017-05-19,23.80,12:30:00
2017-05-19,24.12,13:00:00
2017-05-19,24.11,13:30:00
2017-05-19,24.22,14:00:00
2017-05-19,24.24,14:30:00
2017-05-19,24.14,15:00:00
2017-05-19,24.17,15:30:00
2017-05-19,23.85,16:00:00
2017-05-19,23.86,16:30:00
2017-05-19,23.32,17:00:00
2017-05-19,23.31,17:30:00
2017-05-19,22.59,18:00:00
2017-05-19,22.57,18:30:00
2017-05-19,21.72,19:00:00
2017-05-19,21.71,19:30:00
2017-05-19,20.82,20:00:00
2017-05-19,20.83,20:30:00
2017-05-19,19.97,21:00:00
2017-05-19,19.99,21:30:00
2017-05-19,19.19,22:00:00
2017-05-19,19.21,22:30:00
2017-05-19,18.52,23:00:00
2017-05-19,18.51,23:30:00
2017-05-20,18.04,00:00:00
2017-05-20,18.01,00:30:00
2017-05-20,17.65,01:00:00
2017-05-20,17.63,01:30:00
2017-05-20,17.50,02:00:00
2017-05-20,17.50,02:30:00
2017-05-20,17.63,03:00:00
2017-05-20,17.65,03:30:00
2017-05-20,18.01,04:00:00
2017-05-20,18.04,04:30:00
2017-05-20,18.59,05:00:00
2017-05-20,18.60,05:30:00
2017-05-20,19.29,06:00:00
2017-05-20,19.27,06:30:00
2017-05-20,20.07,07:00:00
2017-05-20,20.04,07:30:00
2017-05-20,20.91,08:00:00
2017-05-20,20.90,08:30:00
2017-05-20,21.79,09:00:00
2017-05-20,21.80,09:30:00
2017-05-20,22.64,10:00:00
2017-05-20,22.67,10:30:00
2017-05-20,23.39,11:00:00
2017-05-20,23.40,11:30:00
2017-05-20,23.94,12:00:00
2017-05-20,23.93,12:30:00
2017-05-20,24.25,13:00:00
2017-05-20,24.22,13:30:00
2017-05-20,24.32,14:00:00
2017-05-20,24.30,14:30:00
2017-05-20,24.18,15:00:00
2017-05-20,24.20,15:30:00
2017-05-20,23.88,16:00:00
2017-05-20,23.90,16:30:00
2017-05-20,23.38,17:00:00
2017-05-20,23.40,17:30:00
2017-05-20,22.70,18:00:00
2017-05-20,22.69,18:30:00
2017-05-20,21.86,19:00:00
2017-05-20,21.83,19:30:00
2017-05-20,20.93,20:00:00
2017-05-20,20.91,20:30:00
2017-05-20,20.02,21:00:00
2017-05-20,20.02,21:30:00
2017-05-20,19.22,22:00:00
2017-05-20,19.24,22:30:00
2017-05-20,18.56,23:00:00
2017-05-20,18.58,23:30:00
2017-05-21,18.12,00:00:00
2017-05-21,18.12,00:30:00
2017-05-21,17.77,01:00:00
2017-05-21,17.75,01:30:00
2017-05-21,17.61,02:00:00
2017-05-21,17.59,02:30:00
2017-05-21,17.69,03:00:00
2017-05-21,17.69,03:30:00
2017-05-21,18.03,04:00:00
2017-05-21,18.05,04:30:00
2017-05-21,18.62,05:00:00
2017-05-21,18.64,05:30:00
2017-05-21,19.36,06:00:00
2017-05-21,19.37,06:30:00
2017-05-21,20.18,07:00:00
2017-05-21,20.17,07:30:00
2017-05-21,21.03,08:00:00
2017-05-21,21.00,08:30:00
2017-05-21,21.86,09:00:00
2017-05-21,21.85,09:30:00
2017-05-21,22.67,10:00:00
2017-05-21,22.69,10:30:00
2017-05-21,23.41,11:00:00
2017-05-21,23.44,11:30:00
2017-05-21,24.00,12:00:00
2017-05-21,24.01,12:30:00
2017-05-21,24.35,13:00:00
2017-05-21,24.34,13:30:00
2017-05-21,24.44,14:00:00
2017-05-21,24.41,14:30:00
2017-05-21,24.28,15:00:00
2017-05-21,24.26,15:30:00
2017-05-21,23.91,16:00:00
2017-05-21,23.92,16:30:00
2017-05-21,23.40,17:00:00
2017-05-21,23.42,17:30:00
2017-05-21,22.74,18:00:00
2017-05-21,22.76,18:30:00
2017-05-21,21.95,19:00:00
2017-05-21,21.95,19:30:00
2017-05-21,21.05,20:00:00
2017-05-21,21.03,20:30:00
2017-05-21,20.12,21:00:00
2017-05-21,20.10,21:30:00
2017-05-21,19.27,22:00:00
2017-05-21,19.27,22:30:00
2017-05-21,18.58,23:00:00
2017-05-21,18.60,23:30:00
2017-05-22,18.15,00:00:00
2017-05-22,18.17,00:30:00
2017-05-22,17.84,01:00:00
2017-05-22,17.85,01:30:00
2017-05-22,17.72,02:00:00
2017-05-22,17.70,02:30:00
2017-05-22,17.79,03:00:00
2017-05-22,17.77,03:30:00
2017-05-22,18.09,04:00:00
2017-05-22,18.09,04:30:00
2017-05-22,18.63,05:00:00
2017-05-22,18.65,05:30:00
2017-05-22,19.38,06:00:00
2017-05-22,19.40,06:30:00
2017-05-22,20.24,07:00:00
2017-05-22,20.25,07:30:00
2017-05-22,21.13,08:00:00
2017-05-22,21.11,08:30:00
2017-05-22,21.97,09:00:00
2017-05-22,21.95,09:30:00
2017-05-22,22.75,10:00:00
2017-05-22,22.73,10:30:00
2017-05-22,23.44,11:00:00
2017-05-22,23.45,11:30:00
2017-05-22,24.01,12:00:00
2017-05-22,24.03,12:30:00
2017-05-22,24.39,13:00:00
2017-05-22,24.41,13:30:00
2017-05-22,24.53,14:00:00
2017-05-22,24.52,14:30:00
2017-05-22,24.39,15:00:00
2017-05-22,24.37,15:30:00
2017-05-22,24.00,16:00:00
2017-05-22,23.98,16:30:00
2017-05-22,23.43,17:00:00
2017-05-22,23.44,17:30:00
2017-05-22,22.75,18:00:00
2017-05-22,22.77,18:30:00
2017-05-22,21.98,19:00:00
2017-05-22,22.00,19:30:00
2017-05-22,21.13,20:00:00
2017-05-22,21.13,20:30:00
2017-05-22,20.24,21:00:00
2017-05-22,20.22,21:30:00
2017-05-22,19.37,22:00:00
2017-05-22,19.35,22:30:00
2017-05-22,18.63,23:00:00
2017-05-22,18.63,23:30:00
2017-05-23,18.14,00:00:00
2017-05-23,18.16,00:30:00
2017-05-23,17.85,01:00:00
2017-05-23,17.87,01:30:00
2017-05-23,17.77,02:00:00
2017-05-23,17.78,02:30:00
2017-05-23,17.89,03:00:00
2017-05-23,17.87,03:30:00
2017-05-23,18.19,04:00:00
2017-05-23,18.16,04:30:00
2017-05-23,18.69,05:00:00
2017-05-23,18.68,05:30:00
2017-05-23,19.38,06:00:00
2017-05-23,19.40,06:30:00
2017-05-23,20.24,07:00:00
2017-05-23,20.26,07:30:00
2017-05-23,21.16,08:00:00
2017-05-23,21.18,08:30:00
2017-05-23,22.06,09:00:00
2017-05-23,22.05,09:30:00
2017-05-23,22.85,10:00:00
2017-05-23,22.82,10:30:00
2017-05-23,23.50,11:00:00
2017-05-23,23.49,11:30:00
2017-05-23,24.02,12:00:00
2017-05-23,24.03,12:30:00
2017-05-23,24.39,13:00:00
2017-05-23,24.41,13:30:00
2017-05-23,24.55,14:00:00
2017-05-23,24.57,14:30:00
2017-05-23,24.46,15:00:00
2017-05-23,24.46,15:30:00
2017-05-23,24.10,16:00:00
2017-05-23,24.08,16:30:00
2017-05-23,23.52,17:00:00
2017-05-23,23.50,17:30:00
2017-05-23,22.78,18:00:00
2017-05-23,22.78,18:30:00
2017-05-23,21.97,19:00:00
2017-05-23,21.99,19:30:00
2017-05-23,21.14,20:00:00
2017-05-23,21.16,20:30:00
2017-05-23,20.30,21:00:00
2017-05-23,20.30,21:30:00
2017-05-23,19.47,22:00:00
2017-05-23,19.45,22:30:00
2017-05-23,18.72,23:00:00
2017-05-23,18.70,23:30:00
2017-05-24,18.18,00:00:00
2017-05-24,18.17,00:30:00
2017-05-24,17.84,01:00:00
2017-05-24,17.85,01:30:00
2017-05-24,17.76,02:00:00
2017-05-24,17.79,02:30:00
2017-05-24,17.92,03:00:00
2017-05-24,17.93,03:30:00
2017-05-24,18.27,04:00:00
2017-05-24,18.25,04:30:00
2017-05-24,18.77,05:00:00
2017-05-24,18.75,05:30:00
2017-05-24,19.43,06:00:00
2017-05-24,19.42,06:30:00
2017-05-24,20.24,07:00:00
2017-05-24,20.25,07:30:00
2017-05-24,21.15,08:00:00
2017-05-24,21.17,08:30:00
2017-05-24,22.08,09:00:00
2017-05-24,22.09,09:30:00
2017-05-24,22.92,10:00:00
2017-05-24,22.91,10:30:00
2017-05-24,23.59,11:00:00
2017-05-24,23.57,11:30:00
2017-05-24,24.09,12:00:00
2017-05-24,24.07,12:30:00
2017-05-24,24.40,13:00:00
2017-05-24,24.40,13:30:00
2017-05-24,24.54,14:00:00
2017-05-24,24.56,14:30:00
2017-05-24,24.47,15:00:00
2017-05-24,24.49,15:30:00
2017-05-24,24.16,16:00:00
2017-05-24,24.16,16:30:00
2017-05-24,23.61,17:00:00
2017-05-24,23.58,17:30:00
2017-05-24,22.85,18:00:00
2017-05-24,22.83,18:30:00
2017-05-24,22.00,19:00:00
2017-05-24,22.00,19:30:00
2017-05-24,21.13,20:00:00
2017-05-24,21.15,20:30:00
2017-05-24,20.29,21:00:00
2017-05-24,20.31,21:30:00
2017-05-24,19.51,22:00:00
2017-05-24,19.52,22:30:00
2017-05-24,18.81,23:00:00
2017-05-24,18.79,23:30:00
2017-05-25,18.25,00:00:00
2017-05-25,18.22,00:30:00
2017-05-25,17.87,01:00:00
2017-05-25,17.86,01:30:00
2017-05-25,17.74,02:00:00
2017-05-25,17.76,02:30:00
2017-05-25,17.89,03:00:00
2017-05-25,17.92,03:30:00
2017-05-25,18.28,04:00:00
2017-05-25,18.29,04:30:00
2017-05-25,18.83,05:00:00
2017-05-25,18.82,05:30:00
2017-05-25,19.51,06:00:00
2017-05-25,19.48,06:30:00
2017-05-25,20.28,07:00:00
2017-05-25,20.26,07:30:00
2017-05-25,21.14,08:00:00
2017-05-25,21.15,08:30:00
2017-05-25,22.05,09:00:00
2017-05-25,22.07,09:30:00
2017-05-25,22.91,10:00:00
2017-05-25,22.93,10:30:00
2017-05-25,23.64,11:00:00
2017-05-25,23.64,11:30:00
2017-05-25,24.16,12:00:00
2017-05-25,24.14,12:30:00
2017-05-25,24.46,13:00:00
2017-05-25,24.44,13:30:00
2017-05-25,24.54,14:00:00
2017-05-25,24.54,14:30:00
2017-05-25,24.44,15:00:00
2017-05-25,24.46,15:30:00
2017-05-25,24.15,16:00:00
2017-05-25,24.17,16:30:00
2017-05-25,23.64,17:00:00
2017-05-25,23.64,17:30:00
2017-05-25,22.93,18:00:00
2017-05-25,22.91,18:30:00
2017-05-25,22.07,19:00:00
2017-05-25,22.04,19:30:00
2017-05-25,21.15,20:00:00
2017-05-25,21.14,20:30:00
2017-05-25,20.27,21:00:00
2017-05-25,20.28,21:30:00
2017-05-25,19.49,22:00:00
2017-05-25,19.51,22:30:00
2017-05-25,18.83,23:00:00
2017-05-25,18.83,23:30:00
2017-05-26,18.30,00:00:00
2017-05-26,18.29,00:30:00
2017-05-26,17.93,01:00:00
2017-05-26,17.90,01:30:00
2017-05-26,17.76,02:00:00
2017-05-26,17.75,02:30:00
2017-05-26,17.87,03:00:00
2017-05-26,17.88,03:30:00
2017-05-26,18.24,04:00:00
2017-05-26,18.26,04:30:00
2017-05-26,18.83,05:00:00
2017-05-26,18.84,05:30:00
2017-05-26,19.55,06:00:00
2017-05-26,19.54,06:30:00
2017-05-26,20.34,07:00:00
2017-05-26,20.32,07:30:00
2017-05-26,21.17,08:00:00
2017-05-26,21.16,08:30:00
2017-05-26,22.03,09:00:00
2017-05-26,22.03,09:30:00
2017-05-26,22.87,10:00:00
2017-05-26,22.89,10:30:00
2017-05-26,23.62,11:00:00
2017-05-26,23.64,11:30:00
2017-05-26,24.19,12:00:00
2017-05-26,24.19,12:30:00
2017-05-26,24.52,13:00:00
2017-05-26,24.50,13:30:00
2017-05-26,24.59,14:00:00
2017-05-26,24.57,14:30:00
2017-05-26,24.44,15:00:00
2017-05-26,24.43,15:30:00
2017-05-26,24.10,16:00:00
2017-05-26,24.12,16:30:00
2017-05-26,23.61,17:00:00
2017-05-26,23.63,17:30:00
2017-05-26,22.94,18:00:00
2017-05-26,22.95,18:30:00
2017-05-26,22.12,19:00:00
2017-05-26,22.11,19:30:00
2017-05-26,21.20,20:00:00
2017-05-26,21.18,20:30:00
2017-05-26,20.28,21:00:00
2017-05-26,20.27,21:30:00
2017-05-26,19.45,22:00:00
2017-05-26,19.47,22:30:00
2017-05-26,18.79,23:00:00
2017-05-26,18.81,23:30:00
2017-05-27,18.29,00:00:00
2017-05-27,18.30,00:30:00
2017-05-27,17.96,01:00:00
2017-05-27,17.95,01:30:00
2017-05-27,17.81,02:00:00
2017-05-27,17.79,02:30:00
2017-05-27,17.88,03:00:00
2017-05-27,17.87,03:30:00
2017-05-27,18.20,04:00:00
2017-05-27,18.21,04:30:00
2017-05-27,18.77,05:00:00
2017-05-27,18.79,05:30:00
2017-05-27,19.52,06:00:00
2017-05-27,19.54,06:30:00
2017-05-27,20.37,07:00:00
2017-05-27,20.36,07:30:00
2017-05-27,21.23,08:00:00
2017-05-27,21.20,08:30:00
2017-05-27,22.06,09:00:00
2017-05-27,22.04,09:30:00
2017-05-27,22.85,10:00:00
2017-05-27,22.85,10:30:00
2017-05-27,23.57,11:00:00
2017-05-27,23.59,11:30:00
2017-05-27,24.15,12:00:00
2017-05-27,24.17,12:30:00
2017-05-27,24.53,13:00:00
2017-05-27,24.53,13:30:00
2017-05-27,24.64,14:00:00
2017-05-27,24.62,14:30:00
2017-05-27,24.48,15:00:00
2017-05-27,24.45,15:30:00
2017-05-27,24.10,16:00:00
2017-05-27,24.09,16:30:00
2017-05-27,23.56,17:00:00
2017-05-27,23.57,17:30:00
2017-05-27,22.89,18:00:00
2017-05-27,22.92,18:30:00
2017-05-27,22.12,19:00:00
2017-05-27,22.13,19:30:00
2017-05-27,21.24,20:00:00
2017-05-27,21.23,20:30:00
2017-05-27,20.33,21:00:00
2017-05-27,20.30,21:30:00
2017-05-27,19.46,22:00:00
2017-05-27,19.45,22:30:00
2017-05-27,18.74,23:00:00
2017-05-27,18.76,23:30:00
2017-05-28,18.22,00:00:00
2017-05-28,18.24,00:30:00
2017-05-28,17.93,01:00:00
2017-05-28,17.94,01:30:00
2017-05-28,17.83,02:00:00
2017-05-28,17.82,02:30:00
2017-05-28,17.92,03:00:00
2017-05-28,17.89,03:30:00
2017-05-28,18.21,04:00:00
2017-05-28,18.19,04:30:00
2017-05-28,18.73,05:00:00
2017-05-28,18.73,05:30:00
2017-05-28,19.45,06:00:00
2017-05-28,19.47,06:30:00
2017-05-28,20.32,07:00:00
2017-05-28,20.34,07:30:00
2017-05-28,21.23,08:00:00
2017-05-28,21.23,08:30:00
2017-05-28,22.09,09:00:00
2017-05-28,22.07,09:30:00
2017-05-28,22.87,10:00:00
2017-05-28,22.85,10:30:00
2017-05-28,23.54,11:00:00
2017-05-28,23.53,11:30:00
2017-05-28,24.08,12:00:00
2017-05-28,24.10,12:30:00
2017-05-28,24.47,13:00:00
2017-05-28,24.49,13:30:00
2017-05-28,24.62,14:00:00
2017-05-28,24.63,14:30:00
2017-05-28,24.51,15:00:00
2017-05-28,24.49,15:30:00
2017-05-28,24.13,16:00:00
2017-05-28,24.10,16:30:00
2017-05-28,23.54,17:00:00
2017-05-28,23.53,17:30:00
2017-05-28,22.83,18:00:00
2017-05-28,22.85,18:30:00
2017-05-28,22.05,19:00:00
2017-05-28,22.08,19:30:00
2017-05-28,21.22,20:00:00
2017-05-28,21.23,20:30:00
2017-05-28,20.35,21:00:00
2017-05-28,20.34,21:30:00
2017-05-28,19.49,22:00:00
2017-05-28,19.47,22:30:00
2017-05-28,18.74,23:00:00
2017-05-28,18.73,23:30:00
2017-05-29,18.15,00:00:00
2017-05-29,18.16,00:30:00
2017-05-29,17.84,01:00:00
2017-05-29,17.87,01:30:00
2017-05-29,17.77,02:00:00
2017-05-29,17.79,02:30:00
2017-05-29,17.91,03:00:00
2017-05-29,17.91,03:30:00
2017-05-29,18.23,04:00:00
2017-05-29,18.21,04:30:00
2017-05-29,18.73,05:00:00
2017-05-29,18.71,05:30:00
2017-05-29,19.40,06:00:00
2017-05-29,19.40,06:30:00
2017-05-29,20.24,07:00:00
2017-05-29,20.26,07:30:00
2017-05-29,21.16,08:00:00
2017-05-29,21.18,08:30:00
2017-05-29,22.08,09:00:00
2017-05-29,22.08,09:30:00
2017-05-29,22.89,10:00:00
2017-05-29,22.87,10:30:00
2017-05-29,23.55,11:00:00
2017-05-29,23.52,11:30:00
2017-05-29,24.05,12:00:00
2017-05-29,24.04,12:30:00
2017-05-29,24.39,13:00:00
2017-05-29,24.41,13:30:00
2017-05-29,24.55,14:00:00
2017-05-29,24.57,14:30:00
2017-05-29,24.47,15:00:00
2017-05-29,24.48,15:30:00
2017-05-29,24.14,16:00:00
2017-05-29,24.12,16:30:00
2017-05-29,23.56,17:00:00
2017-05-29,23.54,17:30:00
2017-05-29,22.81,18:00:00
2017-05-29,22.80,18:30:00
2017-05-29,21.98,19:00:00
2017-05-29,21.99,19:30:00
2017-05-29,21.13,20:00:00
2017-05-29,21.16,20:30:00
2017-05-29,20.30,21:00:00
2017-05-29,20.32,21:30:00
2017-05-29,19.50,22:00:00
2017-05-29,19.49,22:30:00
2017-05-29,18.77,23:00:00
2017-05-29,18.74,23:30:00
2017-05-30,18.14,00:00:00
2017-05-30,18.12,00:30:00
2017-05-30,17.77,01:00:00
2017-05-30,17.78,01:30:00
2017-05-30,17.68,02:00:00
2017-05-30,17.70,02:30:00
2017-05-30,17.84,03:00:00
2017-05-30,17.86,03:30:00
2017-05-30,18.21,04:00:00
2017-05-30,18.21,04:30:00
2017-05-30,18.74,05:00:00
2017-05-30,18.71,05:30:00
2017-05-30,19.39,06:00:00
2017-05-30,19.37,06:30:00
2017-05-30,20.18,07:00:00
2017-05-30,20.18,07:30:00
2017-05-30,21.07,08:00:00
2017-05-30,21.09,08:30:00
2017-05-30,21.99,09:00:00
2017-05-30,22.02,09:30:00
2017-05-30,22.85,10:00:00
2017-05-30,22.86,10:30:00
2017-05-30,23.55,11:00:00
2017-05-30,23.53,11:30:00
2017-05-30,24.05,12:00:00
2017-05-30,24.03,12:30:00
2017-05-30,24.35,13:00:00
2017-05-30,24.34,13:30:00
2017-05-30,24.46,14:00:00
2017-05-30,24.48,14:30:00
2017-05-30,24.38,15:00:00
2017-05-30,24.41,15:30:00
2017-05-30,24.09,16:00:00
2017-05-30,24.10,16:30:00
2017-05-30,23.56,17:00:00
2017-05-30,23.55,17:30:00
2017-05-30,22.82,18:00:00
2017-05-30,22.80,18:30:00
2017-05-30,21.95,19:00:00
2017-05-30,21.94,19:30:00
2017-05-30,21.06,20:00:00
2017-05-30,21.07,20:30:00
2017-05-30,20.21,21:00:00
2017-05-30,20.23,21:30:00
2017-05-30,19.43,22:00:00
2017-05-30,19.45,22:30:00
2017-05-30,18.75,23:00:00
2017-05-30,18.75,23:30:00
2017-05-31,18.13,00:00:00
2017-05-31,18.11,00:30:00
2017-05-31,17.75,01:00:00
2017-05-31,17.73,01:30:00
2017-05-31,17.60,02:00:00
2017-05-31,17.60,02:30:00
2017-05-31,17.73,03:00:00
2017-05-31,17.76,03:30:00
2017-05-31,18.12,04:00:00
2017-05-31,18.14,04:30:00
2017-05-31,18.70,05:00:00
2017-05-31,18.70,05:30:00
2017-05-31,19.39,06:00:00
2017-05-31,19.37,06:30:00
2017-05-31,20.16,07:00:00
2017-05-31,20.14,07:30:00
2017-05-31,21.01,08:00:00
2017-05-31,21.00,08:30:00
2017-05-31,21.89,09:00:00
2017-05-31,21.91,09:30:00
2017-05-31,22.75,10:00:00
2017-05-31,22.78,10:30:00
2017-05-31,23.50,11:00:00
2017-05-31,23.51,11:30:00
2017-05-31,24.04,12:00:00
2017-05-31,24.03,12:30:00
2017-05-31,24.34,13:00:00
2017-05-31,24.32,13:30:00
2017-05-31,24.41,14:00:00
2017-05-31,24.40,14:30:00
2017-05-31,24.29,15:00:00
2017-05-31,24.30,15:30:00
2017-05-31,23.98,16:00:00
2017-05-31,24.01,16:30:00
2017-05-31,23.49,17:00:00
2017-05-31,23.50,17:30:00
2017-05-31,22.80,18:00:00
2017-05-31,22.79,18:30:00
2017-05-31,21.95,19:00:00
2017-05-31,21.93,19:30:00
2017-05-31,21.02,20:00:00
2017-05-31,21.01,20:30:00
2017-05-31,20.12,21:00:00
2017-05-31,20.13,21:30:00
2017-05-31,19.32,22:00:00
2017-05-31,19.35,22:30:00
2017-05-31,18.67,23:00:00
2017-05-31,18.69,23:30:00
2017-06-01,18.09,00:00:00
2017-06-01,18.09,00:30:00
2017-06-01,17.73,01:00:00
2017-06-01,17.71,01:30:00
2017-06-01,17.57,02:00:00
2017-06-01,17.55,02:30:00
2017-06-01,17.65,03:00:00
2017-06-01,17.65,03:30:00
2017-06-01,18.00,04:00:00
2017-06-01,18.02,04:30:00
2017-06-01,18.59,05:00:00
2017-06-01,18.61,05:30:00
2017-06-01,19.33,06:00:00
2017-06-01,19.34,06:30:00
2017-06-01,20.15,07:00:00
2017-06-01,20.13,07:30:00
2017-06-01,20.99,08:00:00
2017-06-01,20.96,08:30:00
2017-06-01,21.82,09:00:00
2017-06-01,21.82,09:30:00
2017-06-01,22.64,10:00:00
2017-06-01,22.66,10:30:00
2017-06-01,23.38,11:00:00
2017-06-01,23.41,11:30:00
2017-06-01,23.97,12:00:00
2017-06-01,23.98,12:30:00
2017-06-01,24.32,13:00:00
2017-06-01,24.31,13:30:00
2017-06-01,24.40,14:00:00
2017-06-01,24.38,14:30:00
2017-06-01,24.24,15:00:00
2017-06-01,24.22,15:30:00
2017-06-01,23.88,16:00:00
2017-06-01,23.89,16:30:00
2017-06-01,23.37,17:00:00
2017-06-01,23.39,17:30:00
2017-06-01,22.71,18:00:00
2017-06-01,22.73,18:30:00
2017-06-01,21.92,19:00:00
2017-06-01,21.91,19:30:00
2017-06-01,21.01,20:00:00
2017-06-01,20.99,20:30:00
2017-06-01,20.09,21:00:00
2017-06-01,20.07,21:30:00
2017-06-01,19.24,22:00:00
2017-06-01,19.24,22:30:00
2017-06-01,18.55,23:00:00
2017-06-01,18.57,23:30:00
2017-06-02,17.98,00:00:00
2017-06-02,18.00,00:30:00
2017-06-02,17.68,01:00:00
2017-06-02,17.68,01:30:00
2017-06-02,17.55,02:00:00
2017-06-02,17.53,02:30:00
2017-06-02,17.62,03:00:00
2017-06-02,17.60,03:30:00
2017-06-02,17.92,04:00:00
2017-06-02,17.92,04:30:00
2017-06-02,18.47,05:00:00
2017-06-02,18.48,05:30:00
2017-06-02,19.21,06:00:00
2017-06-02,19.24,06:30:00
2017-06-02,20.07,07:00:00
2017-06-02,20.08,07:30:00
2017-06-02,20.96,08:00:00
2017-06-02,20.94,08:30:00
2017-06-02,21.80,09:00:00
2017-06-02,21.77,09:30:00
2017-06-02,22.57,10:00:00
2017-06-02,22.56,10:30:00
2017-06-02,23.27,11:00:00
2017-06-02,23.28,11:30:00
2017-06-02,23.84,12:00:00
2017-06-02,23.87,12:30:00
2017-06-02,24.23,13:00:00
2017-06-02,24.24,13:30:00
2017-06-02,24.36,14:00:00
2017-06-02,24.35,14:30:00
2017-06-02,24.22,15:00:00
2017-06-02,24.19,15:30:00
2017-06-02,23.83,16:00:00
2017-06-02,23.81,16:30:00
2017-06-02,23.27,17:00:00
2017-06-02,23.27,17:30:00
2017-06-02,22.59,18:00:00
2017-06-02,22.61,18:30:00
2017-06-02,21.81,19:00:00
2017-06-02,21.83,19:30:00
2017-06-02,20.96,20:00:00
2017-06-02,20.96,20:30:00
2017-06-02,20.06,21:00:00
2017-06-02,20.04,21:30:00
2017-06-02,19.20,22:00:00
2017-06-02,19.18,22:30:00
2017-06-02,18.46,23:00:00
2017-06-02,18.46,23:30:00
2017-06-03,17.85,00:00:00
2017-06-03,17.87,00:30:00
2017-06-03,17.55,01:00:00
2017-06-03,17.58,01:30:00
2017-06-03,17.47,02:00:00
2017-06-03,17.48,02:30:00
2017-06-03,17.59,03:00:00
2017-06-03,17.57,03:30:00
2017-06-03,17.88,04:00:00
2017-06-03,17.86,04:30:00
2017-06-03,18.38,05:00:00
2017-06-03,18.37,05:30:00
2017-06-03,19.08,06:00:00
2017-06-03,19.10,06:30:00
2017-06-03,19.94,07:00:00
2017-06-03,19.97,07:30:00
2017-06-03,20.87,08:00:00
2017-06-03,20.88,08:30:00
2017-06-03,21.76,09:00:00
2017-06-03,21.74,09:30:00
2017-06-03,22.54,10:00:00
2017-06-03,22.52,10:30:00
2017-06-03,23.20,11:00:00
2017-06-03,23.19,11:30:00
2017-06-03,23.72,12:00:00
2017-06-03,23.73,12:30:00
2017-06-03,24.09,13:00:00
2017-06-03,24.12,13:30:00
2017-06-03,24.26,14:00:00
2017-06-03,24.27,14:30:00
2017-06-03,24.16,15:00:00
2017-06-03,24.16,15:30:00
2017-06-03,23.80,16:00:00
2017-06-03,23.78,16:30:00
2017-06-03,23.21,17:00:00
2017-06-03,23.19,17:30:00
2017-06-03,22.48,18:00:00
2017-06-03,22.48,18:30:00
2017-06-03,21.68,19:00:00
2017-06-03,21.70,19:30:00
2017-06-03,20.84,20:00:00
2017-06-03,20.86,20:30:00
2017-06-03,20.00,21:00:00
2017-06-03,20.00,21:30:00
2017-06-03,19.17,22:00:00
2017-06-03,19.14,22:30:00
2017-06-03,18.42,23:00:00
2017-06-03,18.39,23:30:00
2017-06-04,17.75,00:00:00
2017-06-04,17.75,00:30:00
2017-06-04,17.41,01:00:00
2017-06-04,17.43,01:30:00
2017-06-04,17.34,02:00:00
2017-06-04,17.36,02:30:00
2017-06-04,17.50,03:00:00
2017-06-04,17.51,03:30:00
2017-06-04,17.84,04:00:00
2017-06-04,17.82,04:30:00
2017-06-04,18.34,05:00:00
2017-06-04,18.32,05:30:00
2017-06-04,19.00,06:00:00
2017-06-04,18.99,06:30:00
2017-06-04,19.81,07:00:00
2017-06-04,19.83,07:30:00
2017-06-04,20.73,08:00:00
2017-06-04,20.75,08:30:00
2017-06-04,21.65,09:00:00
2017-06-04,21.67,09:30:00
2017-06-04,22.49,10:00:00
2017-06-04,22.48,10:30:00
2017-06-04,23.16,11:00:00
2017-06-04,23.14,11:30:00
2017-06-04,23.66,12:00:00
2017-06-04,23.64,12:30:00
2017-06-04,23.97,13:00:00
2017-06-04,23.98,13:30:00
2017-06-04,24.11,14:00:00
2017-06-04,24.14,14:30:00
2017-06-04,24.05,15:00:00
2017-06-04,24.06,15:30:00
2017-06-04,23.73,16:00:00
2017-06-04,23.73,16:30:00
2017-06-04,23.17,17:00:00
2017-06-04,23.15,17:30:00
2017-06-04,22.42,18:00:00
2017-06-04,22.40,18:30:00
2017-06-04,21.57,19:00:00
2017-06-04,21.57,19:30:00
2017-06-04,20.70,20:00:00
2017-06-04,20.72,20:30:00
2017-06-04,19.87,21:00:00
2017-06-04,19.89,21:30:00
2017-06-04,19.09,22:00:00
2017-06-04,19.09,22:30:00
2017-06-04,18.38,23:00:00
2017-06-04,18.36,23:30:00
2017-06-05,17.70,00:00:00
2017-06-05,17.68,00:30:00
2017-06-05,17.32,01:00:00
2017-06-05,17.31,01:30:00
2017-06-05,17.20,02:00:00
2017-06-05,17.22,02:30:00
2017-06-05,17.36,03:00:00
2017-06-05,17.38,03:30:00
2017-06-05,17.74,04:00:00
2017-06-05,17.75,04:30:00
2017-06-05,18.29,05:00:00
2017-06-05,18.28,05:30:00
2017-06-05,18.96,06:00:00
2017-06-05,18.93,06:30:00
2017-06-05,19.73,07:00:00
2017-06-05,19.72,07:30:00
2017-06-05,20.60,08:00:00
2017-06-05,20.61,08:30:00
2017-06-05,21.51,09:00:00
2017-06-05,21.53,09:30:00
2017-06-05,22.37,10:00:00
2017-06-05,22.39,10:30:00
2017-06-05,23.10,11:00:00
2017-06-05,23.09,11:30:00
2017-06-05,23.62,12:00:00
2017-06-05,23.59,12:30:00
2017-06-05,23.91,13:00:00
2017-06-05,23.89,13:30:00
2017-06-05,24.00,14:00:00
2017-06-05,24.00,14:30:00
2017-06-05,23.90,15:00:00
2017-06-05,23.92,15:30:00
2017-06-05,23.61,16:00:00
2017-06-05,23.63,16:30:00
2017-06-05,23.10,17:00:00
2017-06-05,23.10,17:30:00
2017-06-05,22.38,18:00:00
2017-06-05,22.36,18:30:00
2017-06-05,21.52,19:00:00
2017-06-05,21.49,19:30:00
2017-06-05,20.60,20:00:00
2017-06-05,20.60,20:30:00
2017-06-05,19.72,21:00:00
2017-06-05,19.74,21:30:00
2017-06-05,18.95,22:00:00
2017-06-05,18.97,22:30:00
2017-06-05,18.28,23:00:00
2017-06-05,18.29,23:30:00
2017-06-06,17.65,00:00:00
2017-06-06,17.63,00:30:00
2017-06-06,17.27,01:00:00
2017-06-06,17.24,01:30:00
2017-06-06,17.11,02:00:00
2017-06-06,17.10,02:30:00
2017-06-06,17.22,03:00:00
2017-06-06,17.23,03:30:00
2017-06-06,17.59,04:00:00
2017-06-06,17.62,04:30:00
2017-06-06,18.18,05:00:00
2017-06-06,18.19,05:30:00
2017-06-06,18.90,06:00:00
2017-06-06,18.89,06:30:00
2017-06-06,19.69,07:00:00
2017-06-06,19.66,07:30:00
2017-06-06,20.52,08:00:00
2017-06-06,20.50,08:30:00
2017-06-06,21.38,09:00:00
2017-06-06,21.39,09:30:00
2017-06-06,22.22,10:00:00
2017-06-06,22.25,10:30:00
2017-06-06,22.98,11:00:00
2017-06-06,22.99,11:30:00
2017-06-06,23.54,12:00:00
2017-06-06,23.54,12:30:00
2017-06-06,23.86,13:00:00
2017-06-06,23.84,13:30:00
2017-06-06,23.93,14:00:00
2017-06-06,23.91,14:30:00
2017-06-06,23.78,15:00:00
2017-06-06,23.78,15:30:00
2017-06-06,23.46,16:00:00
2017-06-06,23.48,16:30:00
2017-06-06,22.96,17:00:00
2017-06-06,22.99,17:30:00
2017-06-06,22.30,18:00:00
2017-06-06,22.30,18:30:00
2017-06-06,21.47,19:00:00
2017-06-06,21.45,19:30:00
2017-06-06,20.55,20:00:00
2017-06-06,20.52,20:30:00
2017-06-06,19.63,21:00:00
2017-06-06,19.62,21:30:00
2017-06-06,18.80,22:00:00
2017-06-06,18.82,22:30:00
2017-06-06,18.14,23:00:00
2017-06-06,18.16,23:30:00
2017-06-07,17.55,00:00:00
2017-06-07,17.56,00:30:00
2017-06-07,17.21,01:00:00
2017-06-07,17.20,01:30:00
2017-06-07,17.06,02:00:00
2017-06-07,17.04,02:30:00
2017-06-07,17.13,03:00:00
2017-06-07,17.12,03:30:00
2017-06-07,17.46,04:00:00
2017-06-07,17.47,04:30:00
2017-06-07,18.03,05:00:00
2017-06-07,18.05,05:30:00
2017-06-07,18.78,06:00:00
2017-06-07,18.80,06:30:00
2017-06-07,19.62,07:00:00
2017-06-07,19.61,07:30:00
2017-06-07,20.48,08:00:00
2017-06-07,20.45,08:30:00
2017-06-07,21.31,09:00:00
2017-06-07,21.29,09:30:00
2017-06-07,22.10,10:00:00
2017-06-07,22.11,10:30:00
2017-06-07,22.83,11:00:00
2017-06-07,22.85,11:30:00
2017-06-07,23.41,12:00:00
2017-06-07,23.43,12:30:00
2017-06-07,23.78,13:00:00
2017-06-07,23.78,13:30:00
2017-06-07,23.89,14:00:00
2017-06-07,23.87,14:30:00
2017-06-07,23.72,15:00:00
2017-06-07,23.70,15:30:00
2017-06-07,23.35,16:00:00
2017-06-07,23.35,16:30:00
2017-06-07,22.82,17:00:00
2017-06-07,22.83,17:30:00
2017-06-07,22.15,18:00:00
2017-06-07,22.18,18:30:00
2017-06-07,21.37,19:00:00
2017-06-07,21.38,19:30:00
2017-06-07,20.50,20:00:00
2017-06-07,20.48,20:30:00
2017-06-07,19.57,21:00:00
2017-06-07,19.55,21:30:00
2017-06-07,18.71,22:00:00
2017-06-07,18.70,22:30:00
2017-06-07,18.00,23:00:00
2017-06-07,18.01,23:30:00
2017-06-08,17.40,00:00:00
2017-06-08,17.42,00:30:00
2017-06-08,17.11,01:00:00
2017-06-08,17.12,01:30:00
2017-06-08,17.00,02:00:00
2017-06-08,16.99,02:30:00
2017-06-08,17.09,03:00:00
2017-06-08,17.06,03:30:00
2017-06-08,17.38,04:00:00
2017-06-08,17.36,04:30:00
2017-06-08,17.90,05:00:00
2017-06-08,17.91,05:30:00
2017-06-08,18.63,06:00:00
2017-06-08,18.65,06:30:00
2017-06-08,19.50,07:00:00
2017-06-08,19.52,07:30:00
2017-06-08,20.40,08:00:00
2017-06-08,20.40,08:30:00
2017-06-08,21.26,09:00:00
2017-06-08,21.24,09:30:00
2017-06-08,22.04,10:00:00
2017-06-08,22.02,10:30:00
2017-06-08,22.71,11:00:00
2017-06-08,22.71,11:30:00
2017-06-08,23.26,12:00:00
2017-06-08,23.28,12:30:00
2017-06-08,23.65,13:00:00
2017-06-08,23.67,13:30:00
2017-06-08,23.80,14:00:00
2017-06-08,23.80,14:30:00
2017-06-08,23.68,15:00:00
2017-06-08,23.66,15:30:00
2017-06-08,23.30,16:00:00
2017-06-08,23.27,16:30:00
2017-06-08,22.71,17:00:00
2017-06-08,22.71,17:30:00
2017-06-08,22.01,18:00:00
2017-06-08,22.03,18:30:00
2017-06-08,21.23,19:00:00
2017-06-08,21.26,19:30:00
2017-06-08,20.39,20:00:00
2017-06-08,20.40,20:30:00
2017-06-08,19.52,21:00:00
2017-06-08,19.51,21:30:00
2017-06-08,18.66,22:00:00
2017-06-08,18.64,22:30:00
2017-06-08,17.91,23:00:00
2017-06-08,17.90,23:30:00
2017-06-09,17.27,00:00:00
2017-06-09,17.28,00:30:00
2017-06-09,16.96,01:00:00
2017-06-09,16.98,01:30:00
2017-06-09,16.89,02:00:00
2017-06-09,16.91,02:30:00
2017-06-09,17.03,03:00:00
2017-06-09,17.02,03:30:00
2017-06-09,17.34,04:00:00
2017-06-09,17.32,04:30:00
2017-06-09,17.83,05:00:00
2017-06-09,17.81,05:30:00
2017-06-09,18.51,06:00:00
2017-06-09,18.52,06:30:00
2017-06-09,19.35,07:00:00
2017-06-09,19.37,07:30:00
2017-06-09,20.28,08:00:00
2017-06-09,20.30,08:30:00
2017-06-09,21.19,09:00:00
2017-06-09,21.19,09:30:00
2017-06-09,22.00,10:00:00
2017-06-09,21.97,10:30:00
2017-06-09,22.65,11:00:00
2017-06-09,22.63,11:30:00
2017-06-09,23.16,12:00:00
2017-06-09,23.16,12:30:00
2017-06-09,23.51,13:00:00
2017-06-09,23.52,13:30:00
2017-06-09,23.66,14:00:00
2017-06-09,23.69,14:30:00
2017-06-09,23.59,15:00:00
2017-06-09,23.59,15:30:00
2017-06-09,23.25,16:00:00
2017-06-09,23.23,16:30:00
2017-06-09,22.67,17:00:00
2017-06-09,22.64,17:30:00
2017-06-09,21.92,18:00:00
2017-06-09,21.91,18:30:00
2017-06-09,21.09,19:00:00
2017-06-09,21.11,19:30:00
2017-06-09,20.25,20:00:00
2017-06-09,20.28,20:30:00
2017-06-09,19.42,21:00:00
2017-06-09,19.43,21:30:00
2017-06-09,18.61,22:00:00
2017-06-09,18.60,22:30:00
2017-06-09,17.87,23:00:00
2017-06-09,17.85,23:30:00
2017-06-10,17.20,00:00:00
2017-06-10,17.18,00:30:00
2017-06-10,16.84,01:00:00
2017-06-10,16.85,01:30:00
2017-06-10,16.75,02:00:00
2017-06-10,16.77,02:30:00
2017-06-10,16.91,03:00:00
2017-06-10,16.93,03:30:00
2017-06-10,17.28,04:00:00
2017-06-10,17.27,04:30:00
2017-06-10,17.80,05:00:00
2017-06-10,17.77,05:30:00
2017-06-10,18.45,06:00:00
2017-06-10,18.43,06:30:00
2017-06-10,19.24,07:00:00
2017-06-10,19.24,07:30:00
2017-06-10,20.14,08:00:00
2017-06-10,20.16,08:30:00
2017-06-10,21.06,09:00:00
2017-06-10,21.08,09:30:00
2017-06-10,21.92,10:00:00
2017-06-10,21.92,10:30:00
2017-06-10,22.61,11:00:00
2017-06-10,22.60,11:30:00
2017-06-10,23.11,12:00:00
2017-06-10,23.09,12:30:00
2017-06-10,23.41,13:00:00
2017-06-10,23.41,13:30:00
2017-06-10,23.53,14:00:00
2017-06-10,23.55,14:30:00
2017-06-10,23.45,15:00:00
2017-06-10,23.48,15:30:00
2017-06-10,23.16,16:00:00
2017-06-10,23.17,16:30:00
2017-06-10,22.62,17:00:00
2017-06-10,22.61,17:30:00
2017-06-10,21.88,18:00:00
2017-06-10,21.86,18:30:00
2017-06-10,21.02,19:00:00
2017-06-10,21.00,19:30:00
2017-06-10,20.12,20:00:00
2017-06-10,20.13,20:30:00
2017-06-10,19.28,21:00:00
2017-06-10,19.30,21:30:00
2017-06-10,18.50,22:00:00
2017-06-10,18.52,22:30:00
2017-06-10,17.82,23:00:00
2017-06-10,17.81,23:30:00
2017-06-11,17.17,00:00:00
2017-06-11,17.14,00:30:00
2017-06-11,16.78,01:00:00
2017-06-11,16.76,01:30:00
2017-06-11,16.64,02:00:00
2017-06-11,16.64,02:30:00
2017-06-11,16.78,03:00:00
2017-06-11,16.80,03:30:00
2017-06-11,17.16,04:00:00
2017-06-11,17.18,04:30:00
2017-06-11,17.73,05:00:00
2017-06-11,17.73,05:30:00
2017-06-11,18.42,06:00:00
2017-06-11,18.40,06:30:00
2017-06-11,19.20,07:00:00
2017-06-11,19.17,07:30:00
2017-06-11,20.04,08:00:00
2017-06-11,20.04,08:30:00
2017-06-11,20.93,09:00:00
2017-06-11,20.95,09:30:00
2017-06-11,21.79,10:00:00
2017-06-11,21.82,10:30:00
2017-06-11,22.54,11:00:00
2017-06-11,22.54,11:30:00
2017-06-11,23.08,12:00:00
2017-06-11,23.06,12:30:00
2017-06-11,23.37,13:00:00
2017-06-11,23.35,13:30:00
2017-06-11,23.45,14:00:00
2017-06-11,23.44,14:30:00
2017-06-11,23.33,15:00:00
2017-06-11,23.34,15:30:00
2017-06-11,23.02,16:00:00
2017-06-11,23.05,16:30:00
2017-06-11,22.53,17:00:00
2017-06-11,22.54,17:30:00
2017-06-11,21.84,18:00:00
2017-06-11,21.83,18:30:00
2017-06-11,20.98,19:00:00
2017-06-11,20.96,19:30:00
2017-06-11,20.06,20:00:00
2017-06-11,20.04,20:30:00
2017-06-11,19.16,21:00:00
2017-06-11,19.17,21:30:00
2017-06-11,18.37,22:00:00
2017-06-11,18.39,22:30:00
2017-06-11,17.71,23:00:00
2017-06-11,17.73,23:30:00
2017-06-12,17.12,00:00:00
2017-06-12,17.11,00:30:00
2017-06-12,16.76,01:00:00
2017-06-12,16.73,01:30:00
2017-06-12,16.59,02:00:00
2017-06-12,16.57,02:30:00
2017-06-12,16.68,03:00:00
2017-06-12,16.68,03:30:00
2017-06-12,17.04,04:00:00
2017-06-12,17.06,04:30:00
2017-06-12,17.62,05:00:00
2017-06-12,17.64,05:30:00
2017-06-12,18.36,06:00:00
2017-06-12,18.36,06:30:00
2017-06-12,19.17,07:00:00
2017-06-12,19.15,07:30:00
2017-06-12,20.01,08:00:00
2017-06-12,19.99,08:30:00
2017-06-12,20.85,09:00:00
2017-06-12,20.84,09:30:00
2017-06-12,21.67,10:00:00
2017-06-12,21.69,10:30:00
2017-06-12,22.42,11:00:00
2017-06-12,22.44,11:30:00
2017-06-12,23.00,12:00:00
2017-06-12,23.01,12:30:00
2017-06-12,23.34,13:00:00
2017-06-12,23.33,13:30:00
2017-06-12,23.42,14:00:00
2017-06-12,23.40,14:30:00
2017-06-12,23.26,15:00:00
2017-06-12,23.25,15:30:00
2017-06-12,22.91,16:00:00
2017-06-12,22.92,16:30:00
2017-06-12,22.40,17:00:00
2017-06-12,22.43,17:30:00
2017-06-12,21.75,18:00:00
2017-06-12,21.76,18:30:00
2017-06-12,20.94,19:00:00
2017-06-12,20.93,19:30:00
2017-06-12,20.04,20:00:00
2017-06-12,20.01,20:30:00
2017-06-12,19.11,21:00:00
2017-06-12,19.09,21:30:00
2017-06-12,18.26,22:00:00
2017-06-12,18.27,22:30:00
2017-06-12,17.58,23:00:00
2017-06-12,17.60,23:30:00
2017-06-13,17.02,00:00:00
2017-06-13,17.04,00:30:00
2017-06-13,16.71,01:00:00
2017-06-13,16.71,01:30:00
2017-06-13,16.58,02:00:00
2017-06-13,16.56,02:30:00
2017-06-13,16.65,03:00:00
2017-06-13,16.63,03:30:00
2017-06-13,16.96,04:00:00
2017-06-13,16.95,04:30:00
2017-06-13,17.51,05:00:00
2017-06-13,17.53,05:30:00
2017-06-13,18.25,06:00:00
2017-06-13,18.28,06:30:00
2017-06-13,19.11,07:00:00
2017-06-13,19.12,07:30:00
2017-06-13,19.99,08:00:00
2017-06-13,19.97,08:30:00
2017-06-13,20.83,09:00:00
2017-06-13,20.81,09:30:00
2017-06-13,21.61,10:00:00
2017-06-13,21.60,10:30:00
2017-06-13,22.31,11:00:00
2017-06-13,22.32,11:30:00
2017-06-13,22.88,12:00:00
2017-06-13,22.91,12:30:00
2017-06-13,23.27,13:00:00
2017-06-13,23.28,13:30:00
2017-06-13,23.40,14:00:00
2017-06-13,23.38,14:30:00
2017-06-13,23.25,15:00:00
2017-06-13,23.22,15:30:00
2017-06-13,22.86,16:00:00
2017-06-13,22.85,16:30:00
2017-06-13,22.30,17:00:00
2017-06-13,22.31,17:30:00
2017-06-13,21.63,18:00:00
2017-06-13,21.65,18:30:00
2017-06-13,20.85,19:00:00
2017-06-13,20.87,19:30:00
2017-06-13,20.00,20:00:00
2017-06-13,19.99,20:30:00
2017-06-13,19.10,21:00:00
2017-06-13,19.07,21:30:00
2017-06-13,18.23,22:00:00
2017-06-13,18.21,22:30:00
2017-06-13,17.49,23:00:00
2017-06-13,17.50,23:30:00
2017-06-14,16.92,00:00:00
2017-06-14,16.94,00:30:00
2017-06-14,16.62,01:00:00
2017-06-14,16.64,01:30:00
2017-06-14,16.54,02:00:00
2017-06-14,16.54,02:30:00
2017-06-14,16.65,03:00:00
2017-06-14,16.63,03:30:00
2017-06-14,16.94,04:00:00
2017-06-14,16.92,04:30:00
2017-06-14,17.44,05:00:00
2017-06-14,17.44,05:30:00
2017-06-14,18.15,06:00:00
2017-06-14,18.17,06:30:00
2017-06-14,19.01,07:00:00
2017-06-14,19.04,07:30:00
2017-06-14,19.94,08:00:00
2017-06-14,19.94,08:30:00
2017-06-14,20.82,09:00:00
2017-06-14,20.80,09:30:00
2017-06-14,21.60,10:00:00
2017-06-14,21.58,10:30:00
2017-06-14,22.26,11:00:00
2017-06-14,22.25,11:30:00
2017-06-14,22.79,12:00:00
2017-06-14,22.80,12:30:00
2017-06-14,23.16,13:00:00
2017-06-14,23.19,13:30:00
2017-06-14,23.33,14:00:00
2017-06-14,23.34,14:30:00
2017-06-14,23.23,15:00:00
2017-06-14,23.22,15:30:00
2017-06-14,22.86,16:00:00
2017-06-14,22.84,16:30:00
2017-06-14,22.27,17:00:00
2017-06-14,22.25,17:30:00
2017-06-14,21.54,18:00:00
2017-06-14,21.55,18:30:00
2017-06-14,20.75,19:00:00
2017-06-14,20.77,19:30:00
2017-06-14,19.91,20:00:00
2017-06-14,19.93,20:30:00
2017-06-14,19.06,21:00:00
2017-06-14,19.06,21:30:00
2017-06-14,18.23,22:00:00
2017-06-14,18.20,22:30:00
2017-06-14,17.48,23:00:00
2017-06-14,17.45,23:30:00
2017-06-15,16.86,00:00:00
2017-06-15,16.86,00:30:00
2017-06-15,16.53,01:00:00
2017-06-15,16.55,01:30:00
2017-06-15,16.46,02:00:00
2017-06-15,16.48,02:30:00
2017-06-15,16.61,03:00:00
2017-06-15,16.62,03:30:00
2017-06-15,16.95,04:00:00
2017-06-15,16.93,04:30:00
2017-06-15,17.45,05:00:00
2017-06-15,17.42,05:30:00
2017-06-15,18.11,06:00:00
2017-06-15,18.10,06:30:00
2017-06-15,18.93,07:00:00
2017-06-15,18.94,07:30:00
2017-06-15,19.84,08:00:00
2017-06-15,19.87,08:30:00
2017-06-15,20.77,09:00:00
2017-06-15,20.78,09:30:00
2017-06-15,21.60,10:00:00
2017-06-15,21.59,10:30:00
2017-06-15,22.27,11:00:00
2017-06-15,22.24,11:30:00
2017-06-15,22.76,12:00:00
2017-06-15,22.75,12:30:00
2017-06-15,23.09,13:00:00
2017-06-15,23.10,13:30:00
2017-06-15,23.23,14:00:00
2017-06-15,23.25,14:30:00
2017-06-15,23.16,15:00:00
2017-06-15,23.18,15:30:00
2017-06-15,22.85,16:00:00
2017-06-15,22.84,16:30:00
2017-06-15,22.28,17:00:00
2017-06-15,22.26,17:30:00
2017-06-15,21.53,18:00:00
2017-06-15,21.51,18:30:00
2017-06-15,20.68,19:00:00
2017-06-15,20.68,19:30:00
2017-06-15,19.82,20:00:00
2017-06-15,19.84,20:30:00
2017-06-15,18.99,21:00:00
2017-06-15,19.01,21:30:00
2017-06-15,18.20,22:00:00
2017-06-15,18.20,22:30:00
2017-06-15,17.48,23:00:00
2017-06-15,17.46,23:30:00
2017-06-16,16.87,00:00:00
2017-06-16,16.85,00:30:00
2017-06-16,16.49,01:00:00
2017-06-16,16.49,01:30:00
2017-06-16,16.38,02:00:00
2017-06-16,16.40,02:30:00
2017-06-16,16.54,03:00:00
2017-06-16,16.56,03:30:00
2017-06-16,16.92,04:00:00
2017-06-16,16.93,04:30:00
2017-06-16,17.46,05:00:00
2017-06-16,17.45,05:30:00
2017-06-16,18.13,06:00:00
2017-06-16,18.10,06:30:00
2017-06-16,18.90,07:00:00
2017-06-16,18.89,07:30:00
2017-06-16,19.77,08:00:00
2017-06-16,19.79,08:30:00
2017-06-16,20.69,09:00:00
2017-06-16,20.71,09:30:00
2017-06-16,21.55,10:00:00
2017-06-16,21.57,10:30:00
2017-06-16,22.27,11:00:00
2017-06-16,22.26,11:30:00
2017-06-16,22.79,12:00:00
2017-06-16,22.76,12:30:00
2017-06-16,23.08,13:00:00
2017-06-16,23.06,13:30:00
2017-06-16,23.17,14:00:00
2017-06-16,23.18,14:30:00
2017-06-16,23.08,15:00:00
2017-06-16,23.10,15:30:00
2017-06-16,22.79,16:00:00
2017-06-16,22.81,16:30:00
2017-06-16,22.27,17:00:00
2017-06-16,22.27,17:30:00
2017-06-16,21.55,18:00:00
2017-06-16,21.53,18:30:00
2017-06-16,20.69,19:00:00
2017-06-16,20.67,19:30:00
2017-06-16,19.77,20:00:00
2017-06-16,19.77,20:30:00
2017-06-16,18.90,21:00:00
2017-06-16,18.92,21:30:00
2017-06-16,18.13,22:00:00
2017-06-16,18.15,22:30:00
2017-06-16,17.46,23:00:00
2017-06-16,17.47,23:30:00
2017-06-17,16.90,00:00:00
2017-06-17,16.88,00:30:00
2017-06-17,16.52,01:00:00
2017-06-17,16.50,01:30:00
2017-06-17,16.36,02:00:00
2017-06-17,16.35,02:30:00
2017-06-17,16.47,03:00:00
2017-06-17,16.49,03:30:00
2017-06-17,16.85,04:00:00
2017-06-17,16.88,04:30:00
2017-06-17,17.44,05:00:00
2017-06-17,17.45,05:30:00
2017-06-17,18.15,06:00:00
2017-06-17,18.14,06:30:00
2017-06-17,18.94,07:00:00
2017-06-17,18.91,07:30:00
2017-06-17,19.77,08:00:00
2017-06-17,19.76,08:30:00
2017-06-17,20.63,09:00:00
2017-06-17,20.64,09:30:00
2017-06-17,21.48,10:00:00
2017-06-17,21.51,10:30:00
2017-06-17,22.24,11:00:00
2017-06-17,22.25,11:30:00
2017-06-17,22.80,12:00:00
2017-06-17,22.79,12:30:00
2017-06-17,23.11,13:00:00
2017-06-17,23.09,13:30:00
2017-06-17,23.18,14:00:00
2017-06-17,23.16,14:30:00
2017-06-17,23.04,15:00:00
2017-06-17,23.04,15:30:00
2017-06-17,22.72,16:00:00
2017-06-17,22.74,16:30:00
2017-06-17,22.22,17:00:00
2017-06-17,22.24,17:30:00
2017-06-17,21.55,18:00:00
2017-06-17,21.55,18:30:00
2017-06-17,20.72,19:00:00
2017-06-17,20.70,19:30:00
2017-06-17,19.80,20:00:00
2017-06-17,19.77,20:30:00
2017-06-17,18.88,21:00:00
2017-06-17,18.87,21:30:00
2017-06-17,18.06,22:00:00
2017-06-17,18.08,22:30:00
2017-06-17,17.40,23:00:00
2017-06-17,17.42,23:30:00
2017-06-18,16.90,00:00:00
2017-06-18,16.91,00:30:00
2017-06-18,16.56,01:00:00
2017-06-18,16.55,01:30:00
2017-06-18,16.41,02:00:00
2017-06-18,16.38,02:30:00
2017-06-18,16.48,03:00:00
2017-06-18,16.47,03:30:00
2017-06-18,16.81,04:00:00
2017-06-18,16.82,04:30:00
2017-06-18,17.38,05:00:00
2017-06-18,17.41,05:30:00
2017-06-18,18.13,06:00:00
2017-06-18,18.15,06:30:00
2017-06-18,18.97,07:00:00
2017-06-18,18.96,07:30:00
2017-06-18,19.82,08:00:00
2017-06-18,19.80,08:30:00
2017-06-18,20.65,09:00:00
2017-06-18,20.64,09:30:00
2017-06-18,21.45,10:00:00
2017-06-18,21.46,10:30:00
2017-06-18,22.18,11:00:00
2017-06-18,22.20,11:30:00
2017-06-18,22.77,12:00:00
2017-06-18,22.79,12:30:00
2017-06-18,23.13,13:00:00
2017-06-18,23.13,13:30:00
2017-06-18,23.23,14:00:00
2017-06-18,23.21,14:30:00
2017-06-18,23.07,15:00:00
2017-06-18,23.05,15:30:00
2017-06-18,22.70,16:00:00
2017-06-18,22.70,16:30:00
2017-06-18,22.17,17:00:00
2017-06-18,22.19,17:30:00
2017-06-18,21.51,18:00:00
2017-06-18,21.53,18:30:00
2017-06-18,20.73,19:00:00
2017-06-18,20.73,19:30:00
2017-06-18,19.84,20:00:00
2017-06-18,19.82,20:30:00
2017-06-18,18.92,21:00:00
2017-06-18,18.90,21:30:00
2017-06-18,18.06,22:00:00
2017-06-18,18.05,22:30:00
2017-06-18,17.35,23:00:00
2017-06-18,17.37,23:30:00
2017-06-19,16.86,00:00:00
2017-06-19,16.89,00:30:00
2017-06-19,16.57,01:00:00
2017-06-19,16.58,01:30:00
2017-06-19,16.46,02:00:00
2017-06-19,16.44,02:30:00
2017-06-19,16.54,03:00:00
2017-06-19,16.51,03:30:00
2017-06-19,16.83,04:00:00
2017-06-19,16.82,04:30:00
2017-06-19,17.36,05:00:00
2017-06-19,17.37,05:30:00
2017-06-19,18.09,06:00:00
2017-06-19,18.12,06:30:00
2017-06-19,18.96,07:00:00
2017-06-19,18.98,07:30:00
2017-06-19,19.86,08:00:00
2017-06-19,19.85,08:30:00
2017-06-19,20.72,09:00:00
2017-06-19,20.69,09:30:00
2017-06-19,21.49,10:00:00
2017-06-19,21.47,10:30:00
2017-06-19,22.17,11:00:00
2017-06-19,22.17,11:30:00
2017-06-19,22.72,12:00:00
2017-06-19,22.75,12:30:00
2017-06-19,23.11,13:00:00
2017-06-19,23.13,13:30:00
2017-06-19,23.26,14:00:00
2017-06-19,23.26,14:30:00
2017-06-19,23.13,15:00:00
2017-06-19,23.11,15:30:00
2017-06-19,22.75,16:00:00
2017-06-19,22.72,16:30:00
2017-06-19,22.17,17:00:00
2017-06-19,22.17,17:30:00
2017-06-19,21.47,18:00:00
2017-06-19,21.49,18:30:00
2017-06-19,20.69,19:00:00
2017-06-19,20.72,19:30:00
2017-06-19,19.85,20:00:00
2017-06-19,19.86,20:30:00
2017-06-19,18.98,21:00:00
2017-06-19,18.96,21:30:00
2017-06-19,18.12,22:00:00
2017-06-19,18.09,22:30:00
2017-06-19,17.37,23:00:00
2017-06-19,17.36,23:30:00
2017-06-20,16.84,00:00:00
2017-06-20,16.86,00:30:00
2017-06-20,16.54,01:00:00
2017-06-20,16.56,01:30:00
2017-06-20,16.47,02:00:00
2017-06-20,16.48,02:30:00
2017-06-20,16.60,03:00:00
2017-06-20,16.59,03:30:00
2017-06-20,16.91,04:00:00
2017-06-20,16.88,04:30:00
2017-06-20,17.40,05:00:00
2017-06-20,17.39,05:30:00
2017-06-20,18.08,06:00:00
2017-06-20,18.09,06:30:00
2017-06-20,18.93,07:00:00
2017-06-20,18.95,07:30:00
2017-06-20,19.86,08:00:00
2017-06-20,19.88,08:30:00
2017-06-20,20.76,09:00:00
2017-06-20,20.76,09:30:00
2017-06-20,21.57,10:00:00
2017-06-20,21.54,10:30:00
2017-06-20,22.22,11:00:00
2017-06-20,22.20,11:30:00
2017-06-20,22.73,12:00:00
2017-06-20,22.73,12:30:00
2017-06-20,23.08,13:00:00
2017-06-20,23.10,13:30:00
2017-06-20,23.24,14:00:00
2017-06-20,23.27,14:30:00
2017-06-20,23.16,15:00:00
2017-06-20,23.17,15:30:00
2017-06-20,22.82,16:00:00
2017-06-20,22.80,16:30:00
2017-06-20,22.24,17:00:00
2017-06-20,22.21,17:30:00
2017-06-20,21.49,18:00:00
2017-06-20,21.48,18:30:00
2017-06-20,20.67,19:00:00
2017-06-20,20.69,19:30:00
2017-06-20,19.83,20:00:00
2017-06-20,19.85,20:30:00
2017-06-20,18.99,21:00:00
2017-06-20,19.00,21:30:00
2017-06-20,18.18,22:00:00
2017-06-20,18.17,22:30:00
2017-06-20,17.44,23:00:00
2017-06-20,17.42,23:30:00
2017-06-21,16.89,00:00:00
2017-06-21,16.88,00:30:00
2017-06-21,16.54,01:00:00
2017-06-21,16.55,01:30:00
2017-06-21,16.45,02:00:00
2017-06-21,16.48,02:30:00
2017-06-21,16.62,03:00:00
2017-06-21,16.63,03:30:00
2017-06-21,16.98,04:00:00
2017-06-21,16.97,04:30:00
2017-06-21,17.49,05:00:00
2017-06-21,17.47,05:30:00
2017-06-21,18.15,06:00:00
2017-06-21,18.13,06:30:00
2017-06-21,18.94,07:00:00
2017-06-21,18.95,07:30:00
2017-06-21,19.84,08:00:00
2017-06-21,19.86,08:30:00
2017-06-21,20.77,09:00:00
2017-06-21,20.79,09:30:00
2017-06-21,21.62,10:00:00
2017-06-21,21.62,10:30:00
2017-06-21,22.31,11:00:00
2017-06-21,22.29,11:30:00
2017-06-21,22.81,12:00:00
2017-06-21,22.78,12:30:00
2017-06-21,23.11,13:00:00
2017-06-21,23.11,13:30:00
2017-06-21,23.23,14:00:00
2017-06-21,23.25,14:30:00
2017-06-21,23.16,15:00:00
2017-06-21,23.18,15:30:00
2017-06-21,22.86,16:00:00
2017-06-21,22.87,16:30:00
2017-06-21,22.32,17:00:00
2017-06-21,22.30,17:30:00
2017-06-21,21.58,18:00:00
2017-06-21,21.55,18:30:00
2017-06-21,20.71,19:00:00
2017-06-21,20.70,19:30:00
2017-06-21,19.82,20:00:00
2017-06-21,19.84,20:30:00
2017-06-21,18.98,21:00:00
2017-06-21,19.00,21:30:00
2017-06-21,18.21,22:00:00
2017-06-21,18.22,22:30:00
2017-06-21,17.52,23:00:00
2017-06-21,17.50,23:30:00
2017-06-22,16.99,00:00:00
2017-06-22,16.97,00:30:00
2017-06-22,16.61,01:00:00
2017-06-22,16.59,01:30:00
2017-06-22,16.47,02:00:00
2017-06-22,16.48,02:30:00
2017-06-22,16.61,03:00:00
2017-06-22,16.64,03:30:00
2017-06-22,17.00,04:00:00
2017-06-22,17.02,04:30:00
2017-06-22,17.57,05:00:00
2017-06-22,17.56,05:30:00
2017-06-22,18.25,06:00:00
2017-06-22,18.23,06:30:00
2017-06-22,19.02,07:00:00
2017-06-22,19.00,07:30:00
2017-06-22,19.87,08:00:00
2017-06-22,19.87,08:30:00
2017-06-22,20.76,09:00:00
2017-06-22,20.79,09:30:00
2017-06-22,21.63,10:00:00
2017-06-22,21.65,10:30:00
2017-06-22,22.37,11:00:00
2017-06-22,22.37,11:30:00
2017-06-22,22.90,12:00:00
2017-06-22,22.89,12:30:00
2017-06-22,23.20,13:00:00
2017-06-22,23.18,13:30:00
2017-06-22,23.28,14:00:00
2017-06-22,23.27,14:30:00
2017-06-22,23.16,15:00:00
2017-06-22,23.18,15:30:00
2017-06-22,22.86,16:00:00
2017-06-22,22.88,16:30:00
2017-06-22,22.36,17:00:00
2017-06-22,22.37,17:30:00
2017-06-22,21.67,18:00:00
2017-06-22,21.65,18:30:00
2017-06-22,20.81,19:00:00
2017-06-22,20.79,19:30:00
2017-06-22,19.88,20:00:00
2017-06-22,19.87,20:30:00
2017-06-22,18.99,21:00:00
2017-06-22,19.00,21:30:00
2017-06-22,18.20,22:00:00
2017-06-22,18.23,22:30:00
2017-06-22,17.55,23:00:00
2017-06-22,17.56,23:30:00
2017-06-23,17.09,00:00:00
2017-06-23,17.08,00:30:00
2017-06-23,16.72,01:00:00
2017-06-23,16.70,01:30:00
2017-06-23,16.56,02:00:00
2017-06-23,16.54,02:30:00
2017-06-23,16.65,03:00:00
2017-06-23,16.65,03:30:00
2017-06-23,17.01,04:00:00
2017-06-23,17.03,04:30:00
2017-06-23,17.59,05:00:00
2017-06-23,17.61,05:30:00
2017-06-23,18.33,06:00:00
2017-06-23,18.33,06:30:00
2017-06-23,19.14,07:00:00
2017-06-23,19.11,07:30:00
2017-06-23,19.97,08:00:00
2017-06-23,19.95,08:30:00
2017-06-23,20.81,09:00:00
2017-06-23,20.81,09:30:00
2017-06-23,21.64,10:00:00
2017-06-23,21.66,10:30:00
2017-06-23,22.39,11:00:00
2017-06-23,22.41,11:30:00
2017-06-23,22.97,12:00:00
2017-06-23,22.97,12:30:00
2017-06-23,23.31,13:00:00
2017-06-23,23.29,13:30:00
2017-06-23,23.38,14:00:00
2017-06-23,23.36,14:30:00
2017-06-23,23.22,15:00:00
2017-06-23,23.21,15:30:00
2017-06-23,22.88,16:00:00
2017-06-23,22.89,16:30:00
2017-06-23,22.37,17:00:00
2017-06-23,22.40,17:30:00
2017-06-23,21.72,18:00:00
2017-06-23,21.73,18:30:00
2017-06-23,20.91,19:00:00
2017-06-23,20.90,19:30:00
2017-06-23,20.00,20:00:00
2017-06-23,19.97,20:30:00
2017-06-23,19.07,21:00:00
2017-06-23,19.05,21:30:00
2017-06-23,18.23,22:00:00
2017-06-23,18.24,22:30:00
2017-06-23,17.55,23:00:00
2017-06-23,17.58,23:30:00
2017-06-24,17.13,00:00:00
2017-06-24,17.15,00:30:00
2017-06-24,16.82,01:00:00
2017-06-24,16.81,01:30:00
2017-06-24,16.68,02:00:00
2017-06-24,16.66,02:30:00
2017-06-24,16.75,03:00:00
2017-06-24,16.73,03:30:00
2017-06-24,17.06,04:00:00
2017-06-24,17.06,04:30:00
2017-06-24,17.61,05:00:00
2017-06-24,17.63,05:30:00
2017-06-24,18.36,06:00:00
2017-06-24,18.38,06:30:00
2017-06-24,19.22,07:00:00
2017-06-24,19.22,07:30:00
2017-06-24,20.09,08:00:00
2017-06-24,20.07,08:30:00
2017-06-24,20.93,09:00:00
2017-06-24,20.90,09:30:00
2017-06-24,21.71,10:00:00
2017-06-24,21.70,10:30:00
2017-06-24,22.41,11:00:00
2017-06-24,22.43,11:30:00
2017-06-24,22.99,12:00:00
2017-06-24,23.02,12:30:00
2017-06-24,23.37,13:00:00
2017-06-24,23.38,13:30:00
2017-06-24,23.50,14:00:00
2017-06-24,23.48,14:30:00
2017-06-24,23.34,15:00:00
2017-06-24,23.32,15:30:00
2017-06-24,22.96,16:00:00
2017-06-24,22.95,16:30:00
2017-06-24,22.41,17:00:00
2017-06-24,22.42,17:30:00
2017-06-24,21.73,18:00:00
2017-06-24,21.76,18:30:00
2017-06-24,20.96,19:00:00
2017-06-24,20.98,19:30:00
2017-06-24,20.10,20:00:00
2017-06-24,20.09,20:30:00
2017-06-24,19.19,21:00:00
2017-06-24,19.17,21:30:00
2017-06-24,18.33,22:00:00
2017-06-24,18.31,22:30:00
2017-06-24,17.60,23:00:00
2017-06-24,17.60,23:30:00
2017-06-25,17.16,00:00:00
2017-06-25,17.18,00:30:00
2017-06-25,16.86,01:00:00
2017-06-25,16.88,01:30:00
2017-06-25,16.78,02:00:00
2017-06-25,16.78,02:30:00
2017-06-25,16.88,03:00:00
2017-06-25,16.86,03:30:00
2017-06-25,17.17,04:00:00
2017-06-25,17.15,04:30:00
2017-06-25,17.68,05:00:00
2017-06-25,17.68,05:30:00
2017-06-25,18.39,06:00:00
2017-06-25,18.41,06:30:00
2017-06-25,19.25,07:00:00
2017-06-25,19.28,07:30:00
2017-06-25,20.17,08:00:00
2017-06-25,20.18,08:30:00
2017-06-25,21.05,09:00:00
2017-06-25,21.04,09:30:00
2017-06-25,21.83,10:00:00
2017-06-25,21.81,10:30:00
2017-06-25,22.49,11:00:00
2017-06-25,22.48,11:30:00
2017-06-25,23.03,12:00:00
2017-06-25,23.04,12:30:00
2017-06-25,23.40,13:00:00
2017-06-25,23.43,13:30:00
2017-06-25,23.57,14:00:00
2017-06-25,23.58,14:30:00
2017-06-25,23.46,15:00:00
2017-06-25,23.45,15:30:00
2017-06-25,23.09,16:00:00
2017-06-25,23.07,16:30:00
2017-06-25,22.50,17:00:00
2017-06-25,22.49,17:30:00
2017-06-25,21.78,18:00:00
2017-06-25,21.79,18:30:00
2017-06-25,20.99,19:00:00
2017-06-25,21.01,19:30:00
2017-06-25,20.15,20:00:00
2017-06-25,20.17,20:30:00
2017-06-25,19.30,21:00:00
2017-06-25,19.29,21:30:00
2017-06-25,18.46,22:00:00
2017-06-25,18.43,22:30:00
2017-06-25,17.71,23:00:00
2017-06-25,17.69,23:30:00
2017-06-26,17.22,00:00:00
2017-06-26,17.22,00:30:00
2017-06-26,16.90,01:00:00
2017-06-26,16.92,01:30:00
2017-06-26,16.83,02:00:00
2017-06-26,16.85,02:30:00
2017-06-26,16.98,03:00:00
2017-06-26,16.98,03:30:00
2017-06-26,17.31,04:00:00
2017-06-26,17.29,04:30:00
2017-06-26,17.81,05:00:00
2017-06-26,17.78,05:30:00
2017-06-26,18.47,06:00:00
2017-06-26,18.47,06:30:00
2017-06-26,19.29,07:00:00
2017-06-26,19.31,07:30:00
2017-06-26,20.21,08:00:00
2017-06-26,20.24,08:30:00
2017-06-26,21.14,09:00:00
2017-06-26,21.14,09:30:00
2017-06-26,21.96,10:00:00
2017-06-26,21.95,10:30:00
2017-06-26,22.63,11:00:00
2017-06-26,22.60,11:30:00
2017-06-26,23.12,12:00:00
2017-06-26,23.11,12:30:00
2017-06-26,23.45,13:00:00
2017-06-26,23.46,13:30:00
2017-06-26,23.60,14:00:00
2017-06-26,23.62,14:30:00
2017-06-26,23.53,15:00:00
2017-06-26,23.55,15:30:00
2017-06-26,23.21,16:00:00
2017-06-26,23.20,16:30:00
2017-06-26,22.64,17:00:00
2017-06-26,22.62,17:30:00
2017-06-26,21.89,18:00:00
2017-06-26,21.87,18:30:00
2017-06-26,21.05,19:00:00
2017-06-26,21.05,19:30:00
2017-06-26,20.19,20:00:00
2017-06-26,20.21,20:30:00
2017-06-26,19.35,21:00:00
2017-06-26,19.37,21:30:00
2017-06-26,18.56,22:00:00
2017-06-26,18.56,22:30:00
2017-06-26,17.85,23:00:00
2017-06-26,17.82,23:30:00
2017-06-27,17.35,00:00:00
2017-06-27,17.33,00:30:00
2017-06-27,16.98,01:00:00
2017-06-27,16.97,01:30:00
2017-06-27,16.87,02:00:00
2017-06-27,16.89,02:30:00
2017-06-27,17.03,03:00:00
2017-06-27,17.05,03:30:00
2017-06-27,17.41,04:00:00
2017-06-27,17.41,04:30:00
2017-06-27,17.95,05:00:00
2017-06-27,17.93,05:30:00
2017-06-27,18.61,06:00:00
2017-06-27,18.58,06:30:00
2017-06-27,19.39,07:00:00
2017-06-27,19.38,07:30:00
2017-06-27,20.26,08:00:00
2017-06-27,20.28,08:30:00
2017-06-27,21.18,09:00:00
2017-06-27,21.20,09:30:00
2017-06-27,22.04,10:00:00
2017-06-27,22.06,10:30:00
2017-06-27,22.76,11:00:00
2017-06-27,22.75,11:30:00
2017-06-27,23.27,12:00:00
2017-06-27,23.24,12:30:00
2017-06-27,23.56,13:00:00
2017-06-27,23.54,13:30:00
2017-06-27,23.66,14:00:00
2017-06-27,23.67,14:30:00
2017-06-27,23.57,15:00:00
2017-06-27,23.59,15:30:00
2017-06-27,23.28,16:00:00
2017-06-27,23.29,16:30:00
2017-06-27,22.76,17:00:00
2017-06-27,22.76,17:30:00
2017-06-27,22.04,18:00:00
2017-06-27,22.01,18:30:00
2017-06-27,21.17,19:00:00
2017-06-27,21.15,19:30:00
2017-06-27,20.26,20:00:00
2017-06-27,20.26,20:30:00
2017-06-27,19.39,21:00:00
2017-06-27,19.42,21:30:00
2017-06-27,18.62,22:00:00
2017-06-27,18.64,22:30:00
2017-06-27,17.95,23:00:00
2017-06-27,17.95,23:30:00
2017-06-28,17.50,00:00:00
2017-06-28,17.48,00:30:00
2017-06-28,17.11,01:00:00
2017-06-28,17.09,01:30:00
2017-06-28,16.96,02:00:00
2017-06-28,16.95,02:30:00
2017-06-28,17.08,03:00:00
2017-06-28,17.09,03:30:00
2017-06-28,17.46,04:00:00
2017-06-28,17.48,04:30:00
2017-06-28,18.04,05:00:00
2017-06-28,18.05,05:30:00
2017-06-28,18.75,06:00:00
2017-06-28,18.73,06:30:00
2017-06-28,19.53,07:00:00
2017-06-28,19.51,07:30:00
2017-06-28,20.37,08:00:00
2017-06-28,20.35,08:30:00
2017-06-28,21.23,09:00:00
2017-06-28,21.25,09:30:00
2017-06-28,22.09,10:00:00
2017-06-28,22.11,10:30:00
2017-06-28,22.84,11:00:00
2017-06-28,22.85,11:30:00
2017-06-28,23.40,12:00:00
2017-06-28,23.39,12:30:00
2017-06-28,23.71,13:00:00
2017-06-28,23.68,13:30:00
2017-06-28,23.78,14:00:00
2017-06-28,23.76,14:30:00
2017-06-28,23.64,15:00:00
2017-06-28,23.64,15:30:00
2017-06-28,23.32,16:00:00
2017-06-28,23.34,16:30:00
2017-06-28,22.83,17:00:00
2017-06-28,22.85,17:30:00
2017-06-28,22.15,18:00:00
2017-06-28,22.15,18:30:00
2017-06-28,21.32,19:00:00
2017-06-28,21.29,19:30:00
2017-06-28,20.39,20:00:00
2017-06-28,20.37,20:30:00
2017-06-28,19.47,21:00:00
2017-06-28,19.47,21:30:00
2017-06-28,18.66,22:00:00
2017-06-28,18.68,22:30:00
2017-06-28,18.00,23:00:00
2017-06-28,18.03,23:30:00
2017-06-29,17.60,00:00:00
2017-06-29,17.61,00:30:00
2017-06-29,17.26,01:00:00
2017-06-29,17.24,01:30:00
2017-06-29,17.10,02:00:00
2017-06-29,17.08,02:30:00
2017-06-29,17.17,03:00:00
2017-06-29,17.17,03:30:00
2017-06-29,17.51,04:00:00
2017-06-29,17.53,04:30:00
2017-06-29,18.09,05:00:00
2017-06-29,18.11,05:30:00
2017-06-29,18.84,06:00:00
2017-06-29,18.85,06:30:00
2017-06-29,19.67,07:00:00
2017-06-29,19.66,07:30:00
2017-06-29,20.51,08:00:00
2017-06-29,20.49,08:30:00
2017-06-29,21.35,09:00:00
2017-06-29,21.33,09:30:00
2017-06-29,22.15,10:00:00
2017-06-29,22.16,10:30:00
2017-06-29,22.88,11:00:00
2017-06-29,22.91,11:30:00
2017-06-29,23.47,12:00:00
2017-06-29,23.49,12:30:00
2017-06-29,23.83,13:00:00
2017-06-29,23.83,13:30:00
2017-06-29,23.93,14:00:00
2017-06-29,23.90,14:30:00
2017-06-29,23.76,15:00:00
2017-06-29,23.74,15:30:00
2017-06-29,23.40,16:00:00
2017-06-29,23.40,16:30:00
2017-06-29,22.87,17:00:00
2017-06-29,22.89,17:30:00
2017-06-29,22.21,18:00:00
2017-06-29,22.24,18:30:00
2017-06-29,21.43,19:00:00
2017-06-29,21.43,19:30:00
2017-06-29,20.54,20:00:00
2017-06-29,20.52,20:30:00
2017-06-29,19.61,21:00:00
2017-06-29,19.59,21:30:00
2017-06-29,18.75,22:00:00
2017-06-29,18.75,22:30:00
2017-06-29,18.05,23:00:00
2017-06-29,18.07,23:30:00
2017-06-30,17.65,00:00:00
2017-06-30,17.68,00:30:00
2017-06-30,17.36,01:00:00
2017-06-30,17.36,01:30:00
2017-06-30,17.24,02:00:00
2017-06-30,17.23,02:30:00
2017-06-30,17.32,03:00:00
2017-06-30,17.30,03:30:00
2017-06-30,17.62,04:00:00
2017-06-30,17.60,04:30:00
2017-06-30,18.15,05:00:00
2017-06-30,18.16,05:30:00
2017-06-30,18.88,06:00:00
2017-06-30,18.91,06:30:00
2017-06-30,19.75,07:00:00
2017-06-30,19.76,07:30:00
2017-06-30,20.65,08:00:00
2017-06-30,20.64,08:30:00
2017-06-30,21.50,09:00:00
2017-06-30,21.47,09:30:00
2017-06-30,22.27,10:00:00
2017-06-30,22.25,10:30:00
2017-06-30,22.95,11:00:00
2017-06-30,22.96,11:30:00
2017-06-30,23.51,12:00:00
2017-06-30,23.54,12:30:00
2017-06-30,23.90,13:00:00
2017-06-30,23.92,13:30:00
2017-06-30,24.05,14:00:00
2017-06-30,24.04,14:30:00
2017-06-30,23.91,15:00:00
2017-06-30,23.89,15:30:00
2017-06-30,23.53,16:00:00
2017-06-30,23.51,16:30:00
2017-06-30,22.95,17:00:00
2017-06-30,22.95,17:30:00
2017-06-30,22.26,18:00:00
2017-06-30,22.28,18:30:00
2017-06-30,21.48,19:00:00
2017-06-30,21.51,19:30:00
2017-06-30,20.64,20:00:00
2017-06-30,20.65,20:30:00
2017-06-30,19.76,21:00:00
2017-06-30,19.74,21:30:00
2017-06-30,18.90,22:00:00
2017-06-30,18.87,22:30:00
2017-06-30,18.15,23:00:00
2017-06-30,18.14,23:30:00
2017-07-01,17.70,00:00:00
2017-07-01,17.72,00:30:00
2017-07-01,17.40,01:00:00
2017-07-01,17.43,01:30:00
2017-07-01,17.33,02:00:00
2017-07-01,17.34,02:30:00
2017-07-01,17.46,03:00:00
2017-07-01,17.44,03:30:00
2017-07-01,17.76,04:00:00
2017-07-01,17.74,04:30:00
2017-07-01,18.26,05:00:00
2017-07-01,18.24,05:30:00
2017-07-01,18.94,06:00:00
2017-07-01,18.95,06:30:00
2017-07-01,19.79,07:00:00
2017-07-01,19.82,07:30:00
2017-07-01,20.72,08:00:00
2017-07-01,20.74,08:30:00
2017-07-01,21.62,09:00:00
2017-07-01,21.62,09:30:00
2017-07-01,22.42,10:00:00
2017-07-01,22.40,10:30:00
2017-07-01,23.08,11:00:00
2017-07-01,23.06,11:30:00
2017-07-01,23.59,12:00:00
2017-07-01,23.59,12:30:00
2017-07-01,23.94,13:00:00
2017-07-01,23.97,13:30:00
2017-07-01,24.11,14:00:00
2017-07-01,24.13,14:30:00
2017-07-01,24.03,15:00:00
2017-07-01,24.03,15:30:00
2017-07-01,23.67,16:00:00
2017-07-01,23.65,16:30:00
2017-07-01,23.09,17:00:00
2017-07-01,23.07,17:30:00
2017-07-01,22.35,18:00:00
2017-07-01,22.34,18:30:00
2017-07-01,21.53,19:00:00
2017-07-01,21.55,19:30:00
2017-07-01,20.69,20:00:00
2017-07-01,20.72,20:30:00
2017-07-01,19.86,21:00:00
2017-07-01,19.86,21:30:00
2017-07-01,19.04,22:00:00
2017-07-01,19.02,22:30:00
2017-07-01,18.30,23:00:00
2017-07-01,18.27,23:30:00
2017-07-02,17.80,00:00:00
2017-07-02,17.79,00:30:00
2017-07-02,17.45,01:00:00
2017-07-02,17.47,01:30:00
2017-07-02,17.37,02:00:00
2017-07-02,17.40,02:30:00
2017-07-02,17.53,03:00:00
2017-07-02,17.55,03:30:00
2017-07-02,17.89,04:00:00
2017-07-02,17.88,04:30:00
2017-07-02,18.40,05:00:00
2017-07-02,18.38,05:30:00
2017-07-02,19.06,06:00:00
2017-07-02,19.04,06:30:00
2017-07-02,19.85,07:00:00
2017-07-02,19.86,07:30:00
2017-07-02,20.76,08:00:00
2017-07-02,20.78,08:30:00
2017-07-02,21.69,09:00:00
2017-07-02,21.71,09:30:00
2017-07-02,22.53,10:00:00
2017-07-02,22.53,10:30:00
2017-07-02,23.22,11:00:00
2017-07-02,23.20,11:30:00
2017-07-02,23.71,12:00:00
2017-07-02,23.69,12:30:00
2017-07-02,24.02,13:00:00
2017-07-02,24.02,13:30:00
2017-07-02,24.15,14:00:00
2017-07-02,24.17,14:30:00
2017-07-02,24.08,15:00:00
2017-07-02,24.10,15:30:00
2017-07-02,23.78,16:00:00
2017-07-02,23.78,16:30:00
2017-07-02,23.23,17:00:00
2017-07-02,23.21,17:30:00
2017-07-02,22.48,18:00:00
2017-07-02,22.46,18:30:00
2017-07-02,21.62,19:00:00
2017-07-02,21.61,19:30:00
2017-07-02,20.74,20:00:00
2017-07-02,20.76,20:30:00
2017-07-02,19.90,21:00:00
2017-07-02,19.92,21:30:00
2017-07-02,19.12,22:00:00
2017-07-02,19.13,22:30:00
2017-07-02,18.43,23:00:00
2017-07-02,18.42,23:30:00
2017-07-03,17.94,00:00:00
2017-07-03,17.91,00:30:00
2017-07-03,17.55,01:00:00
2017-07-03,17.54,01:30:00
2017-07-03,17.42,02:00:00
2017-07-03,17.43,02:30:00
2017-07-03,17.57,03:00:00
2017-07-03,17.59,03:30:00
2017-07-03,17.95,04:00:00
2017-07-03,17.97,04:30:00
2017-07-03,18.52,05:00:00
2017-07-03,18.51,05:30:00
2017-07-03,19.20,06:00:00
2017-07-03,19.17,06:30:00
2017-07-03,19.97,07:00:00
2017-07-03,19.95,07:30:00
2017-07-03,20.82,08:00:00
2017-07-03,20.82,08:30:00
2017-07-03,21.72,09:00:00
2017-07-03,21.74,09:30:00
2017-07-03,22.59,10:00:00
2017-07-03,22.61,10:30:00
2017-07-03,23.32,11:00:00
2017-07-03,23.32,11:30:00
2017-07-03,23.85,12:00:00
2017-07-03,23.83,12:30:00
2017-07-03,24.15,13:00:00
2017-07-03,24.12,13:30:00
2017-07-03,24.22,14:00:00
2017-07-03,24.22,14:30:00
2017-07-03,24.11,15:00:00
2017-07-03,24.13,15:30:00
2017-07-03,23.82,16:00:00
2017-07-03,23.84,16:30:00
2017-07-03,23.32,17:00:00
2017-07-03,23.33,17:30:00
2017-07-03,22.62,18:00:00
2017-07-03,22.60,18:30:00
2017-07-03,21.76,19:00:00
2017-07-03,21.73,19:30:00
2017-07-03,20.83,20:00:00
2017-07-03,20.82,20:30:00
2017-07-03,19.94,21:00:00
2017-07-03,19.96,21:30:00
2017-07-03,19.16,22:00:00
2017-07-03,19.18,22:30:00
2017-07-03,18.50,23:00:00
2017-07-03,18.51,23:30:00
2017-07-04,18.05,00:00:00
2017-07-04,18.04,00:30:00
2017-07-04,17.68,01:00:00
2017-07-04,17.66,01:30:00
2017-07-04,17.52,02:00:00
2017-07-04,17.51,02:30:00
2017-07-04,17.62,03:00:00
2017-07-04,17.62,03:30:00
2017-07-04,17.98,04:00:00
2017-07-04,18.00,04:30:00
2017-07-04,18.57,05:00:00
2017-07-04,18.59,05:30:00
2017-07-04,19.30,06:00:00
2017-07-04,19.30,06:30:00
2017-07-04,20.10,07:00:00
2017-07-04,20.08,07:30:00
2017-07-04,20.93,08:00:00
2017-07-04,20.91,08:30:00
2017-07-04,21.78,09:00:00
2017-07-04,21.78,09:30:00
2017-07-04,22.61,10:00:00
2017-07-04,22.63,10:30:00
2017-07-04,23.36,11:00:00
2017-07-04,23.39,11:30:00
2017-07-04,23.94,12:00:00
2017-07-04,23.94,12:30:00
2017-07-04,24.28,13:00:00
2017-07-04,24.26,13:30:00
2017-07-04,24.35,14:00:00
2017-07-04,24.32,14:30:00
2017-07-04,24.19,15:00:00
2017-07-04,24.18,15:30:00
2017-07-04,23.85,16:00:00
2017-07-04,23.87,16:30:00
2017-07-04,23.35,17:00:00
2017-07-04,23.37,17:30:00
2017-07-04,22.69,18:00:00
2017-07-04,22.70,18:30:00
2017-07-04,21.88,19:00:00
2017-07-04,21.86,19:30:00
2017-07-04,20.96,20:00:00
2017-07-04,20.94,20:30:00
2017-07-04,20.04,21:00:00
2017-07-04,20.02,21:30:00
2017-07-04,19.20,22:00:00
2017-07-04,19.21,22:30:00
2017-07-04,18.53,23:00:00
2017-07-04,18.55,23:30:00
2017-07-05,18.10,00:00:00
2017-07-05,18.12,00:30:00
2017-07-05,17.79,01:00:00
2017-07-05,17.78,01:30:00
2017-07-05,17.65,02:00:00
2017-07-05,17.62,02:30:00
2017-07-05,17.71,03:00:00
2017-07-05,17.69,03:30:00
2017-07-05,18.03,04:00:00
2017-07-05,18.03,04:30:00
2017-07-05,18.59,05:00:00
2017-07-05,18.61,05:30:00
2017-07-05,19.34,06:00:00
2017-07-05,19.36,06:30:00
2017-07-05,20.19,07:00:00
2017-07-05,20.19,07:30:00
2017-07-05,21.06,08:00:00
2017-07-05,21.04,08:30:00
2017-07-05,21.89,09:00:00
2017-07-05,21.87,09:30:00
2017-07-05,22.67,10:00:00
2017-07-05,22.67,10:30:00
2017-07-05,23.38,11:00:00
2017-07-05,23.40,11:30:00
2017-07-05,23.97,12:00:00
2017-07-05,23.99,12:30:00
2017-07-05,24.35,13:00:00
2017-07-05,24.35,13:30:00
2017-07-05,24.46,14:00:00
2017-07-05,24.45,14:30:00
2017-07-05,24.31,15:00:00
2017-07-05,24.28,15:30:00
2017-07-05,23.93,16:00:00
2017-07-05,23.92,16:30:00
2017-07-05,23.38,17:00:00
2017-07-05,23.39,17:30:00
2017-07-05,22.71,18:00:00
2017-07-05,22.73,18:30:00
2017-07-05,21.93,19:00:00
2017-07-05,21.95,19:30:00
2017-07-05,21.07,20:00:00
2017-07-05,21.06,20:30:00
2017-07-05,20.16,21:00:00
2017-07-05,20.13,21:30:00
2017-07-05,19.29,22:00:00
2017-07-05,19.28,22:30:00
2017-07-05,18.57,23:00:00
2017-07-05,18.57,23:30:00
2017-07-06,18.11,00:00:00
2017-07-06,18.13,00:30:00
2017-07-06,17.82,01:00:00
2017-07-06,17.84,01:30:00
2017-07-06,17.73,02:00:00
2017-07-06,17.73,02:30:00
2017-07-06,17.83,03:00:00
2017-07-06,17.80,03:30:00
2017-07-06,18.12,04:00:00
2017-07-06,18.10,04:30:00
2017-07-06,18.63,05:00:00
2017-07-06,18.63,05:30:00
2017-07-06,19.34,06:00:00
2017-07-06,19.37,06:30:00
2017-07-06,20.21,07:00:00
2017-07-06,20.23,07:30:00
2017-07-06,21.13,08:00:00
2017-07-06,21.13,08:30:00
2017-07-06,22.00,09:00:00
2017-07-06,21.98,09:30:00
2017-07-06,22.78,10:00:00
2017-07-06,22.75,10:30:00
2017-07-06,23.44,11:00:00
2017-07-06,23.43,11:30:00
2017-07-06,23.98,12:00:00
2017-07-06,24.00,12:30:00
2017-07-06,24.36,13:00:00
2017-07-06,24.38,13:30:00
2017-07-06,24.52,14:00:00
2017-07-06,24.53,14:30:00
2017-07-06,24.41,15:00:00
2017-07-06,24.40,15:30:00
2017-07-06,24.04,16:00:00
2017-07-06,24.01,16:30:00
2017-07-06,23.45,17:00:00
2017-07-06,23.44,17:30:00
2017-07-06,22.73,18:00:00
2017-07-06,22.74,18:30:00
2017-07-06,21.94,19:00:00
2017-07-06,21.97,19:30:00
2017-07-06,21.11,20:00:00
2017-07-06,21.13,20:30:00
2017-07-06,20.25,21:00:00
2017-07-06,20.24,21:30:00
2017-07-06,19.40,22:00:00
2017-07-06,19.38,22:30:00
2017-07-06,18.65,23:00:00
2017-07-06,18.63,23:30:00
2017-07-07,18.13,00:00:00
2017-07-07,18.14,00:30:00
2017-07-07,17.81,01:00:00
2017-07-07,17.84,01:30:00
2017-07-07,17.75,02:00:00
2017-07-07,17.77,02:30:00
2017-07-07,17.89,03:00:00
2017-07-07,17.89,03:30:00
2017-07-07,18.22,04:00:00
2017-07-07,18.20,04:30:00
2017-07-07,18.71,05:00:00
2017-07-07,18.69,05:30:00
2017-07-07,19.38,06:00:00
2017-07-07,19.38,06:30:00
2017-07-07,20.21,07:00:00
2017-07-07,20.23,07:30:00
2017-07-07,21.13,08:00:00
2017-07-07,21.16,08:30:00
2017-07-07,22.05,09:00:00
2017-07-07,22.06,09:30:00
2017-07-07,22.87,10:00:00
2017-07-07,22.86,10:30:00
2017-07-07,23.54,11:00:00
2017-07-07,23.51,11:30:00
2017-07-07,24.03,12:00:00
2017-07-07,24.02,12:30:00
2017-07-07,24.37,13:00:00
2017-07-07,24.38,13:30:00
2017-07-07,24.52,14:00:00
2017-07-07,24.54,14:30:00
2017-07-07,24.45,15:00:00
2017-07-07,24.46,15:30:00
2017-07-07,24.12,16:00:00
2017-07-07,24.11,16:30:00
2017-07-07,23.55,17:00:00
2017-07-07,23.53,17:30:00
2017-07-07,22.80,18:00:00
2017-07-07,22.78,18:30:00
2017-07-07,21.96,19:00:00
2017-07-07,21.97,19:30:00
2017-07-07,21.11,20:00:00
2017-07-07,21.13,20:30:00
2017-07-07,20.27,21:00:00
2017-07-07,20.29,21:30:00
2017-07-07,19.48,22:00:00
2017-07-07,19.47,22:30:00
2017-07-07,18.75,23:00:00
2017-07-07,18.73,23:30:00
2017-07-08,18.20,00:00:00
2017-07-08,18.18,00:30:00
2017-07-08,17.83,01:00:00
2017-07-08,17.83,01:30:00
2017-07-08,17.73,02:00:00
2017-07-08,17.75,02:30:00
2017-07-08,17.89,03:00:00
2017-07-08,17.91,03:30:00
2017-07-08,18.27,04:00:00
2017-07-08,18.27,04:30:00
2017-07-08,18.80,05:00:00
2017-07-08,18.78,05:30:00
2017-07-08,19.46,06:00:00
2017-07-08,19.44,06:30:00
2017-07-08,20.24,07:00:00
2017-07-08,20.24,07:30:00
2017-07-08,21.12,08:00:00
2017-07-08,21.14,08:30:00
2017-07-08,22.04,09:00:00
2017-07-08,22.07,09:30:00
2017-07-08,22.91,10:00:00
2017-07-08,22.92,10:30:00
2017-07-08,23.62,11:00:00
2017-07-08,23.60,11:30:00
2017-07-08,24.12,12:00:00
2017-07-08,24.10,12:30:00
2017-07-08,24.41,13:00:00
2017-07-08,24.40,13:30:00
2017-07-08,24.52,14:00:00
2017-07-08,24.53,14:30:00
2017-07-08,24.43,15:00:00
2017-07-08,24.46,15:30:00
2017-07-08,24.14,16:00:00
2017-07-08,24.16,16:30:00
2017-07-08,23.62,17:00:00
2017-07-08,23.61,17:30:00
2017-07-08,22.89,18:00:00
2017-07-08,22.87,18:30:00
2017-07-08,22.02,19:00:00
2017-07-08,22.00,19:30:00
2017-07-08,21.12,20:00:00
2017-07-08,21.12,20:30:00
2017-07-08,20.26,21:00:00
2017-07-08,20.28,21:30:00
2017-07-08,19.48,22:00:00
2017-07-08,19.50,22:30:00
2017-07-08,18.81,23:00:00
2017-07-08,18.81,23:30:00
2017-07-09,18.28,00:00:00
2017-07-09,18.26,00:30:00
2017-07-09,17.89,01:00:00
2017-07-09,17.87,01:30:00
2017-07-09,17.74,02:00:00
2017-07-09,17.74,02:30:00
2017-07-09,17.87,03:00:00
2017-07-09,17.89,03:30:00
2017-07-09,18.25,04:00:00
2017-07-09,18.27,04:30:00
2017-07-09,18.83,05:00:00
2017-07-09,18.84,05:30:00
2017-07-09,19.53,06:00:00
2017-07-09,19.52,06:30:00
2017-07-09,20.31,07:00:00
2017-07-09,20.29,07:30:00
2017-07-09,21.15,08:00:00
2017-07-09,21.14,08:30:00
2017-07-09,22.02,09:00:00
2017-07-09,22.04,09:30:00
2017-07-09,22.88,10:00:00
2017-07-09,22.90,10:30:00
2017-07-09,23.63,11:00:00
2017-07-09,23.64,11:30:00
2017-07-09,24.18,12:00:00
2017-07-09,24.17,12:30:00
2017-07-09,24.49,13:00:00
2017-07-09,24.47,13:30:00
2017-07-09,24.56,14:00:00
2017-07-09,24.54,14:30:00
2017-07-09,24.42,15:00:00
2017-07-09,24.43,15:30:00
2017-07-09,24.11,16:00:00
2017-07-09,24.13,16:30:00
2017-07-09,23.62,17:00:00
2017-07-09,23.64,17:30:00
2017-07-09,22.94,18:00:00
2017-07-09,22.93,18:30:00
2017-07-09,22.10,19:00:00
2017-07-09,22.08,19:30:00
2017-07-09,21.17,20:00:00
2017-07-09,21.15,20:30:00
2017-07-09,20.26,21:00:00
2017-07-09,20.26,21:30:00
2017-07-09,19.45,22:00:00
2017-07-09,19.48,22:30:00
2017-07-09,18.80,23:00:00
2017-07-09,18.82,23:30:00
2017-07-10,18.30,00:00:00
2017-07-10,18.30,00:30:00
2017-07-10,17.95,01:00:00
2017-07-10,17.94,01:30:00
2017-07-10,17.79,02:00:00
2017-07-10,17.77,02:30:00
2017-07-10,17.87,03:00:00
2017-07-10,17.87,03:30:00
2017-07-10,18.21,04:00:00
2017-07-10,18.23,04:30:00
2017-07-10,18.79,05:00:00
2017-07-10,18.82,05:30:00
2017-07-10,19.54,06:00:00
2017-07-10,19.55,06:30:00
2017-07-10,20.37,07:00:00
2017-07-10,20.35,07:30:00
2017-07-10,21.21,08:00:00
2017-07-10,21.18,08:30:00
2017-07-10,22.04,09:00:00
2017-07-10,22.03,09:30:00
2017-07-10,22.85,10:00:00
2017-07-10,22.86,10:30:00
2017-07-10,23.59,11:00:00
2017-07-10,23.61,11:30:00
2017-07-10,24.18,12:00:00
2017-07-10,24.19,12:30:00
2017-07-10,24.53,13:00:00
2017-07-10,24.53,13:30:00
2017-07-10,24.62,14:00:00
2017-07-10,24.60,14:30:00
2017-07-10,24.46,15:00:00
2017-07-10,24.44,15:30:00
2017-07-10,24.09,16:00:00
2017-07-10,24.10,16:30:00
2017-07-10,23.57,17:00:00
2017-07-10,23.60,17:30:00
2017-07-10,22.92,18:00:00
2017-07-10,22.94,18:30:00
2017-07-10,22.13,19:00:00
2017-07-10,22.13,19:30:00
2017-07-10,21.23,20:00:00
2017-07-10,21.21,20:30:00
2017-07-10,20.31,21:00:00
2017-07-10,20.29,21:30:00
2017-07-10,19.45,22:00:00
2017-07-10,19.45,22:30:00
2017-07-10,18.76,23:00:00
2017-07-10,18.78,23:30:00
2017-07-11,18.26,00:00:00
2017-07-11,18.28,00:30:00
2017-07-11,17.96,01:00:00
2017-07-11,17.96,01:30:00
2017-07-11,17.84,02:00:00
2017-07-11,17.82,02:30:00
2017-07-11,17.91,03:00:00
2017-07-11,17.89,03:30:00
2017-07-11,18.21,04:00:00
2017-07-11,18.20,04:30:00
2017-07-11,18.75,05:00:00
2017-07-11,18.76,05:30:00
2017-07-11,19.49,06:00:00
2017-07-11,19.51,06:30:00
2017-07-11,20.35,07:00:00
2017-07-11,20.36,07:30:00
2017-07-11,21.24,08:00:00
2017-07-11,21.23,08:30:00
2017-07-11,22.09,09:00:00
2017-07-11,22.07,09:30:00
2017-07-11,22.86,10:00:00
2017-07-11,22.85,10:30:00
2017-07-11,23.55,11:00:00
2017-07-11,23.56,11:30:00
2017-07-11,24.12,12:00:00
2017-07-11,24.14,12:30:00
2017-07-11,24.51,13:00:00
2017-07-11,24.52,13:30:00
2017-07-11,24.65,14:00:00
2017-07-11,24.64,14:30:00
2017-07-11,24.51,15:00:00
2017-07-11,24.49,15:30:00
2017-07-11,24.12,16:00:00
2017-07-11,24.10,16:30:00
2017-07-11,23.55,17:00:00
2017-07-11,23.55,17:30:00
2017-07-11,22.86,18:00:00
2017-07-11,22.88,18:30:00
2017-07-11,22.09,19:00:00
2017-07-11,22.11,19:30:00
2017-07-11,21.24,20:00:00
2017-07-11,21.25,20:30:00
2017-07-11,20.36,21:00:00
2017-07-11,20.34,21:30:00
2017-07-11,19.49,22:00:00
2017-07-11,19.47,22:30:00
2017-07-11,18.75,23:00:00
2017-07-11,18.74,23:30:00
2017-07-12,18.19,00:00:00
2017-07-12,18.21,00:30:00
2017-07-12,17.89,01:00:00
2017-07-12,17.92,01:30:00
2017-07-12,17.82,02:00:00
2017-07-12,17.83,02:30:00
2017-07-12,17.94,03:00:00
2017-07-12,17.93,03:30:00
2017-07-12,18.24,04:00:00
2017-07-12,18.22,04:30:00
2017-07-12,18.74,05:00:00
2017-07-12,18.73,05:30:00
2017-07-12,19.43,06:00:00
2017-07-12,19.44,06:30:00
2017-07-12,20.28,07:00:00
2017-07-12,20.31,07:30:00
2017-07-12,21.21,08:00:00
2017-07-12,21.23,08:30:00
2017-07-12,22.11,09:00:00
2017-07-12,22.10,09:30:00
2017-07-12,22.90,10:00:00
2017-07-12,22.88,10:30:00
2017-07-12,23.56,11:00:00
2017-07-12,23.54,11:30:00
2017-07-12,24.07,12:00:00
2017-07-12,24.08,12:30:00
2017-07-12,24.44,13:00:00
2017-07-12,24.46,13:30:00
2017-07-12,24.60,14:00:00
2017-07-12,24.62,14:30:00
2017-07-12,24.51,15:00:00
2017-07-12,24.51,15:30:00
2017-07-12,24.16,16:00:00
2017-07-12,24.14,16:30:00
2017-07-12,23.57,17:00:00
2017-07-12,23.55,17:30:00
2017-07-12,22.83,18:00:00
2017-07-12,22.83,18:30:00
2017-07-12,22.02,19:00:00
2017-07-12,22.04,19:30:00
2017-07-12,21.19,20:00:00
2017-07-12,21.21,20:30:00
2017-07-12,20.34,21:00:00
2017-07-12,20.35,21:30:00
2017-07-12,19.52,22:00:00
2017-07-12,19.50,22:30:00
2017-07-12,18.78,23:00:00
2017-07-12,18.75,23:30:00
2017-07-13,18.16,00:00:00
2017-07-13,18.15,00:30:00
2017-07-13,17.82,01:00:00
2017-07-13,17.83,01:30:00
2017-07-13,17.74,02:00:00
2017-07-13,17.77,02:30:00
2017-07-13,17.90,03:00:00
2017-07-13,17.91,03:30:00
2017-07-13,18.25,04:00:00
2017-07-13,18.24,04:30:00
2017-07-13,18.76,05:00:00
2017-07-13,18.74,05:30:00
2017-07-13,19.42,06:00:00
2017-07-13,19.40,06:30:00
2017-07-13,20.22,07:00:00
2017-07-13,20.23,07:30:00
2017-07-13,21.13,08:00:00
2017-07-13,21.15,08:30:00
2017-07-13,22.06,09:00:00
2017-07-13,22.07,09:30:00
2017-07-13,22.90,10:00:00
2017-07-13,22.89,10:30:00
2017-07-13,23.58,11:00:00
2017-07-13,23.56,11:30:00
2017-07-13,24.07,12:00:00
2017-07-13,24.05,12:30:00
2017-07-13,24.38,13:00:00
2017-07-13,24.39,13:30:00
2017-07-13,24.52,14:00:00
2017-07-13,24.54,14:30:00
2017-07-13,24.45,15:00:00
2017-07-13,24.47,15:30:00
2017-07-13,24.14,16:00:00
2017-07-13,24.14,16:30:00
2017-07-13,23.59,17:00:00
2017-07-13,23.57,17:30:00
2017-07-13,22.84,18:00:00
2017-07-13,22.82,18:30:00
2017-07-13,21.98,19:00:00
2017-07-13,21.98,19:30:00
2017-07-13,21.11,20:00:00
2017-07-13,21.12,20:30:00
2017-07-13,20.27,21:00:00
2017-07-13,20.29,21:30:00
2017-07-13,19.49,22:00:00
2017-07-13,19.50,22:30:00
2017-07-13,18.79,23:00:00
2017-07-13,18.78,23:30:00
2017-07-14,18.17,00:00:00
2017-07-14,18.14,00:30:00
2017-07-14,17.78,01:00:00
2017-07-14,17.77,01:30:00
2017-07-14,17.66,02:00:00
2017-07-14,17.67,02:30:00
2017-07-14,17.81,03:00:00
2017-07-14,17.83,03:30:00
2017-07-14,18.19,04:00:00
2017-07-14,18.21,04:30:00
2017-07-14,18.75,05:00:00
2017-07-14,18.74,05:30:00
2017-07-14,19.43,06:00:00
2017-07-14,19.40,06:30:00
2017-07-14,20.20,07:00:00
2017-07-14,20.18,07:30:00
2017-07-14,21.06,08:00:00
2017-07-14,21.06,08:30:00
2017-07-14,21.96,09:00:00
2017-07-14,21.98,09:30:00
2017-07-14,22.83,10:00:00
2017-07-14,22.85,10:30:00
2017-07-14,23.56,11:00:00
2017-07-14,23.56,11:30:00
2017-07-14,24.08,12:00:00
2017-07-14,24.06,12:30:00
2017-07-14,24.38,13:00:00
2017-07-14,24.36,13:30:00
2017-07-14,24.46,14:00:00
2017-07-14,24.46,14:30:00
2017-07-14,24.35,15:00:00
2017-07-14,24.37,15:30:00
2017-07-14,24.06,16:00:00
2017-07-14,24.08,16:30:00
2017-07-14,23.56,17:00:00
2017-07-14,23.56,17:30:00
2017-07-14,22.85,18:00:00
2017-07-14,22.83,18:30:00
2017-07-14,21.99,19:00:00
2017-07-14,21.96,19:30:00
2017-07-14,21.06,20:00:00
2017-07-14,21.06,20:30:00
2017-07-14,20.18,21:00:00
2017-07-14,20.20,21:30:00
2017-07-14,19.40,22:00:00
2017-07-14,19.42,22:30:00
2017-07-14,18.74,23:00:00
2017-07-14,18.75,23:30:00
2017-07-15,18.16,00:00:00
2017-07-15,18.14,00:30:00
2017-07-15,17.78,01:00:00
2017-07-15,17.76,01:30:00
2017-07-15,17.62,02:00:00
2017-07-15,17.60,02:30:00
2017-07-15,17.72,03:00:00
2017-07-15,17.73,03:30:00
2017-07-15,18.09,04:00:00
2017-07-15,18.11,04:30:00
2017-07-15,18.67,05:00:00
2017-07-15,18.69,05:30:00
2017-07-15,19.40,06:00:00
2017-07-15,19.40,06:30:00
2017-07-15,20.20,07:00:00
2017-07-15,20.18,07:30:00
2017-07-15,21.03,08:00:00
2017-07-15,21.01,08:30:00
2017-07-15,21.88,09:00:00
2017-07-15,21.88,09:30:00
2017-07-15,22.72,10:00:00
2017-07-15,22.74,10:30:00
2017-07-15,23.47,11:00:00
2017-07-15,23.49,11:30:00
2017-07-15,24.04,12:00:00
2017-07-15,24.04,12:30:00
2017-07-15,24.37,13:00:00
2017-07-15,24.35,13:30:00
2017-07-15,24.44,14:00:00
2017-07-15,24.42,14:30:00
2017-07-15,24.29,15:00:00
2017-07-15,24.29,15:30:00
2017-07-15,23.95,16:00:00
2017-07-15,23.97,16:30:00
2017-07-15,23.46,17:00:00
2017-07-15,23.48,17:30:00
2017-07-15,22.79,18:00:00
2017-07-15,22.80,18:30:00
2017-07-15,21.98,19:00:00
2017-07-15,21.96,19:30:00
2017-07-15,21.06,20:00:00
2017-07-15,21.03,20:30:00
2017-07-15,20.13,21:00:00
2017-07-15,20.12,21:30:00
2017-07-15,19.30,22:00:00
2017-07-15,19.32,22:30:00
2017-07-15,18.63,23:00:00
2017-07-15,18.66,23:30:00
2017-07-16,18.07,00:00:00
2017-07-16,18.09,00:30:00
2017-07-16,17.75,01:00:00
2017-07-16,17.74,01:30:00
2017-07-16,17.61,02:00:00
2017-07-16,17.58,02:30:00
2017-07-16,17.67,03:00:00
2017-07-16,17.66,03:30:00
2017-07-16,17.99,04:00:00
2017-07-16,18.00,04:30:00
2017-07-16,18.56,05:00:00
2017-07-16,18.58,05:30:00
2017-07-16,19.31,06:00:00
2017-07-16,19.33,06:30:00
2017-07-16,20.16,07:00:00
2017-07-16,20.15,07:30:00
2017-07-16,21.02,08:00:00
2017-07-16,21.00,08:30:00
2017-07-16,21.85,09:00:00
2017-07-16,21.83,09:30:00
2017-07-16,22.64,10:00:00
2017-07-16,22.64,10:30:00
2017-07-16,23.35,11:00:00
2017-07-16,23.37,11:30:00
